name,original
projects/0/105887056-8518f4b10022ea2e9c15710bb693c68d298c67b7/mike84265-AIML-8518f4b/HW2/searchAgents.py,projects/0/105887056-8518f4b10022ea2e9c15710bb693c68d298c67b7/mike84265-AIML-8518f4b/HW2/searchAgents.py
projects/0/68907634-eea28f64ad459e7a2be5606ed47617bdf78815fa/collective-plonefr-eea28f6/src/plonefr.theme/src/plonefr/theme/__init__.py,projects/0/68907634-eea28f64ad459e7a2be5606ed47617bdf78815fa/collective-plonefr-eea28f6/src/plonefr.theme/src/plonefr/theme/__init__.py
projects/0/322764981-73991d3b6174a29261cd6b86bc5f1c16a8b13021/star-eyes-student_edit-73991d3/成绩管理系统1/schema/pgsql/pgAdmin 4/venv/Lib/site-packages/flask/helpers.py,projects/0/322764981-73991d3b6174a29261cd6b86bc5f1c16a8b13021/star-eyes-student_edit-73991d3/成绩管理系统1/schema/pgsql/pgAdmin 4/venv/Lib/site-packages/flask/helpers.py
projects/0/763189234-3366aaa0ff94a444d6cfa84651dfa244d6ec25e1/TahlilMahfuz-CSE-4618_Artificial-Intelligence-Lab-3366aaa/Practice/multiagent_sol/multiagent/util.py,projects/0/763189234-3366aaa0ff94a444d6cfa84651dfa244d6ec25e1/TahlilMahfuz-CSE-4618_Artificial-Intelligence-Lab-3366aaa/Practice/multiagent/util.py
projects/0/322764981-73991d3b6174a29261cd6b86bc5f1c16a8b13021/star-eyes-student_edit-73991d3/成绩管理系统1/schema/pgsql/pgAdmin 4/venv/Lib/site-packages/dns/update.py,projects/0/322764981-73991d3b6174a29261cd6b86bc5f1c16a8b13021/star-eyes-student_edit-73991d3/成绩管理系统1/schema/pgsql/pgAdmin 4/venv/Lib/site-packages/dns/update.py
projects/0/322764981-73991d3b6174a29261cd6b86bc5f1c16a8b13021/star-eyes-student_edit-73991d3/成绩管理系统1/schema/pgsql/pgAdmin 4/venv/Lib/site-packages/flask/blueprints.py,projects/0/322764981-73991d3b6174a29261cd6b86bc5f1c16a8b13021/star-eyes-student_edit-73991d3/成绩管理系统1/schema/pgsql/pgAdmin 4/venv/Lib/site-packages/flask/blueprints.py
projects/0/322764981-73991d3b6174a29261cd6b86bc5f1c16a8b13021/star-eyes-student_edit-73991d3/成绩管理系统1/schema/pgsql/pgAdmin 4/venv/Lib/site-packages/flask/wrappers.py,projects/0/322764981-73991d3b6174a29261cd6b86bc5f1c16a8b13021/star-eyes-student_edit-73991d3/成绩管理系统1/schema/pgsql/pgAdmin 4/venv/Lib/site-packages/flask/wrappers.py
projects/0/763189234-3366aaa0ff94a444d6cfa84651dfa244d6ec25e1/TahlilMahfuz-CSE-4618_Artificial-Intelligence-Lab-3366aaa/Lab06/mdp/pacmanAgents.py,projects/0/763189234-3366aaa0ff94a444d6cfa84651dfa244d6ec25e1/TahlilMahfuz-CSE-4618_Artificial-Intelligence-Lab-3366aaa/Lab02/usearch/pacmanAgents.py
projects/0/763189234-3366aaa0ff94a444d6cfa84651dfa244d6ec25e1/TahlilMahfuz-CSE-4618_Artificial-Intelligence-Lab-3366aaa/Lab05/multiagent/util.py,projects/0/763189234-3366aaa0ff94a444d6cfa84651dfa244d6ec25e1/TahlilMahfuz-CSE-4618_Artificial-Intelligence-Lab-3366aaa/Practice/multiagent/util.py
projects/0/322764981-73991d3b6174a29261cd6b86bc5f1c16a8b13021/star-eyes-student_edit-73991d3/成绩管理系统1/schema/pgsql/pgAdmin 4/venv/Lib/site-packages/pygments/lexers/python.py,projects/0/322764981-73991d3b6174a29261cd6b86bc5f1c16a8b13021/star-eyes-student_edit-73991d3/成绩管理系统1/schema/pgsql/pgAdmin 4/venv/Lib/site-packages/pygments/lexers/python.py
projects/0/322764981-73991d3b6174a29261cd6b86bc5f1c16a8b13021/star-eyes-student_edit-73991d3/成绩管理系统1/schema/pgsql/pgAdmin 4/venv/Lib/warnings.py,projects/0/322764981-73991d3b6174a29261cd6b86bc5f1c16a8b13021/star-eyes-student_edit-73991d3/成绩管理系统1/schema/pgsql/pgAdmin 4/venv/Lib/warnings.py
projects/0/322764981-73991d3b6174a29261cd6b86bc5f1c16a8b13021/star-eyes-student_edit-73991d3/成绩管理系统1/schema/pgsql/pgAdmin 4/venv/Lib/idlelib/debugger.py,projects/0/322764981-73991d3b6174a29261cd6b86bc5f1c16a8b13021/star-eyes-student_edit-73991d3/成绩管理系统1/schema/pgsql/pgAdmin 4/venv/Lib/idlelib/debugger.py
projects/0/322764981-73991d3b6174a29261cd6b86bc5f1c16a8b13021/star-eyes-student_edit-73991d3/成绩管理系统1/schema/pgsql/pgAdmin 4/venv/Lib/site-packages/alembic/autogenerate/render.py,projects/0/322764981-73991d3b6174a29261cd6b86bc5f1c16a8b13021/star-eyes-student_edit-73991d3/成绩管理系统1/schema/pgsql/pgAdmin 4/venv/Lib/site-packages/alembic/autogenerate/render.py
projects/0/763189234-3366aaa0ff94a444d6cfa84651dfa244d6ec25e1/TahlilMahfuz-CSE-4618_Artificial-Intelligence-Lab-3366aaa/Lab06/mdp/util.py,projects/0/763189234-3366aaa0ff94a444d6cfa84651dfa244d6ec25e1/TahlilMahfuz-CSE-4618_Artificial-Intelligence-Lab-3366aaa/Lab06/mdp/util.py
projects/0/322764981-73991d3b6174a29261cd6b86bc5f1c16a8b13021/star-eyes-student_edit-73991d3/成绩管理系统1/schema/pgsql/pgAdmin 4/venv/Lib/signal.py,projects/0/322764981-73991d3b6174a29261cd6b86bc5f1c16a8b13021/star-eyes-student_edit-73991d3/成绩管理系统1/schema/pgsql/pgAdmin 4/venv/Lib/signal.py
projects/0/322764981-73991d3b6174a29261cd6b86bc5f1c16a8b13021/star-eyes-student_edit-73991d3/成绩管理系统1/schema/pgsql/pgAdmin 4/venv/Lib/site-packages/flask/debughelpers.py,projects/0/322764981-73991d3b6174a29261cd6b86bc5f1c16a8b13021/star-eyes-student_edit-73991d3/成绩管理系统1/schema/pgsql/pgAdmin 4/venv/Lib/site-packages/flask/debughelpers.py
projects/0/428375470-dd22e9d39ef5e2c6c8e8fb50ec61909f52c3f30e/StringSuzana-chat_server-dd22e9d/venv/Lib/site-packages/setuptools/command/build_ext.py,projects/0/428375470-dd22e9d39ef5e2c6c8e8fb50ec61909f52c3f30e/StringSuzana-chat_server-dd22e9d/venv/Lib/site-packages/setuptools/command/build_ext.py
projects/0/322764981-73991d3b6174a29261cd6b86bc5f1c16a8b13021/star-eyes-student_edit-73991d3/成绩管理系统1/schema/pgsql/pgAdmin 4/venv/Lib/site-packages/psutil/_common.py,projects/0/322764981-73991d3b6174a29261cd6b86bc5f1c16a8b13021/star-eyes-student_edit-73991d3/成绩管理系统1/schema/pgsql/pgAdmin 4/venv/Lib/site-packages/psutil/_common.py
projects/0/770928505-9b13aa338b619080c86e23e0492a5a82deecfa1c/epfl-cs358-2024sp-exoskeleton-9b13aa3/pvenv/Lib/site-packages/setuptools/command/easy_install.py,projects/0/770928505-9b13aa338b619080c86e23e0492a5a82deecfa1c/epfl-cs358-2024sp-exoskeleton-9b13aa3/pvenv/Lib/site-packages/setuptools/command/easy_install.py
projects/0/428375470-dd22e9d39ef5e2c6c8e8fb50ec61909f52c3f30e/StringSuzana-chat_server-dd22e9d/venv/Lib/site-packages/setuptools/sandbox.py,projects/0/770928505-9b13aa338b619080c86e23e0492a5a82deecfa1c/epfl-cs358-2024sp-exoskeleton-9b13aa3/pvenv/Lib/site-packages/setuptools/sandbox.py
projects/0/322764981-73991d3b6174a29261cd6b86bc5f1c16a8b13021/star-eyes-student_edit-73991d3/成绩管理系统1/schema/pgsql/pgAdmin 4/venv/Lib/collections/__init__.py,projects/0/322764981-73991d3b6174a29261cd6b86bc5f1c16a8b13021/star-eyes-student_edit-73991d3/成绩管理系统1/schema/pgsql/pgAdmin 4/venv/Lib/collections/__init__.py
projects/0/763189234-3366aaa0ff94a444d6cfa84651dfa244d6ec25e1/TahlilMahfuz-CSE-4618_Artificial-Intelligence-Lab-3366aaa/Lab03/isearch/pacmanAgents.py,projects/0/763189234-3366aaa0ff94a444d6cfa84651dfa244d6ec25e1/TahlilMahfuz-CSE-4618_Artificial-Intelligence-Lab-3366aaa/Lab02/usearch/pacmanAgents.py
projects/0/322764981-73991d3b6174a29261cd6b86bc5f1c16a8b13021/star-eyes-student_edit-73991d3/成绩管理系统1/schema/pgsql/pgAdmin 4/venv/Lib/site-packages/flask_security/core.py,projects/0/322764981-73991d3b6174a29261cd6b86bc5f1c16a8b13021/star-eyes-student_edit-73991d3/成绩管理系统1/schema/pgsql/pgAdmin 4/venv/Lib/site-packages/flask_security/core.py
projects/0/322764981-73991d3b6174a29261cd6b86bc5f1c16a8b13021/star-eyes-student_edit-73991d3/成绩管理系统1/schema/pgsql/pgAdmin 4/venv/Lib/site-packages/urllib3/packages/six.py,projects/0/322764981-73991d3b6174a29261cd6b86bc5f1c16a8b13021/star-eyes-student_edit-73991d3/成绩管理系统1/schema/pgsql/pgAdmin 4/venv/Lib/site-packages/urllib3/packages/six.py
projects/0/770928505-9b13aa338b619080c86e23e0492a5a82deecfa1c/epfl-cs358-2024sp-exoskeleton-9b13aa3/pvenv/Lib/site-packages/pip/_vendor/six.py,projects/0/770928505-9b13aa338b619080c86e23e0492a5a82deecfa1c/epfl-cs358-2024sp-exoskeleton-9b13aa3/pvenv/Lib/site-packages/pip/_vendor/six.py
projects/0/322764981-73991d3b6174a29261cd6b86bc5f1c16a8b13021/star-eyes-student_edit-73991d3/成绩管理系统1/schema/pgsql/pgAdmin 4/venv/Lib/timeit.py,projects/0/322764981-73991d3b6174a29261cd6b86bc5f1c16a8b13021/star-eyes-student_edit-73991d3/成绩管理系统1/schema/pgsql/pgAdmin 4/venv/Lib/timeit.py
projects/0/322764981-73991d3b6174a29261cd6b86bc5f1c16a8b13021/star-eyes-student_edit-73991d3/成绩管理系统1/schema/pgsql/pgAdmin 4/venv/Lib/site-packages/psutil/_psaix.py,projects/0/322764981-73991d3b6174a29261cd6b86bc5f1c16a8b13021/star-eyes-student_edit-73991d3/成绩管理系统1/schema/pgsql/pgAdmin 4/venv/Lib/site-packages/psutil/_psaix.py
projects/0/322764981-73991d3b6174a29261cd6b86bc5f1c16a8b13021/star-eyes-student_edit-73991d3/成绩管理系统1/schema/pgsql/pgAdmin 4/venv/Lib/trace.py,projects/0/322764981-73991d3b6174a29261cd6b86bc5f1c16a8b13021/star-eyes-student_edit-73991d3/成绩管理系统1/schema/pgsql/pgAdmin 4/venv/Lib/trace.py
projects/0/322764981-73991d3b6174a29261cd6b86bc5f1c16a8b13021/star-eyes-student_edit-73991d3/成绩管理系统1/schema/pgsql/pgAdmin 4/venv/Lib/site-packages/pygments/unistring.py,projects/0/322764981-73991d3b6174a29261cd6b86bc5f1c16a8b13021/star-eyes-student_edit-73991d3/成绩管理系统1/schema/pgsql/pgAdmin 4/venv/Lib/site-packages/pygments/unistring.py
projects/0/322764981-73991d3b6174a29261cd6b86bc5f1c16a8b13021/star-eyes-student_edit-73991d3/成绩管理系统1/schema/pgsql/pgAdmin 4/venv/Lib/distutils/sysconfig.py,projects/0/322764981-73991d3b6174a29261cd6b86bc5f1c16a8b13021/star-eyes-student_edit-73991d3/成绩管理系统1/schema/pgsql/pgAdmin 4/venv/Lib/distutils/sysconfig.py
projects/0/322764981-73991d3b6174a29261cd6b86bc5f1c16a8b13021/star-eyes-student_edit-73991d3/成绩管理系统1/schema/pgsql/pgAdmin 4/venv/Lib/site-packages/dns/rdataclass.py,projects/0/322764981-73991d3b6174a29261cd6b86bc5f1c16a8b13021/star-eyes-student_edit-73991d3/成绩管理系统1/schema/pgsql/pgAdmin 4/venv/Lib/site-packages/dns/rdataclass.py
projects/0/770928505-9b13aa338b619080c86e23e0492a5a82deecfa1c/epfl-cs358-2024sp-exoskeleton-9b13aa3/pvenv/Lib/site-packages/setuptools/_distutils/msvc9compiler.py,projects/0/770928505-9b13aa338b619080c86e23e0492a5a82deecfa1c/epfl-cs358-2024sp-exoskeleton-9b13aa3/pvenv/Lib/site-packages/setuptools/_distutils/msvc9compiler.py
projects/0/322764981-73991d3b6174a29261cd6b86bc5f1c16a8b13021/star-eyes-student_edit-73991d3/成绩管理系统1/schema/pgsql/pgAdmin 4/venv/Lib/site-packages/psutil/_psosx.py,projects/0/322764981-73991d3b6174a29261cd6b86bc5f1c16a8b13021/star-eyes-student_edit-73991d3/成绩管理系统1/schema/pgsql/pgAdmin 4/venv/Lib/site-packages/psutil/_psosx.py
projects/0/322764981-73991d3b6174a29261cd6b86bc5f1c16a8b13021/star-eyes-student_edit-73991d3/成绩管理系统1/schema/pgsql/pgAdmin 4/web/setup.py,projects/0/322764981-73991d3b6174a29261cd6b86bc5f1c16a8b13021/star-eyes-student_edit-73991d3/成绩管理系统1/schema/pgsql/pgAdmin 4/web/setup.py
projects/0/105887056-8518f4b10022ea2e9c15710bb693c68d298c67b7/mike84265-AIML-8518f4b/HW1/util.py,projects/0/105887056-8518f4b10022ea2e9c15710bb693c68d298c67b7/mike84265-AIML-8518f4b/HW1/util.py
projects/0/763189234-3366aaa0ff94a444d6cfa84651dfa244d6ec25e1/TahlilMahfuz-CSE-4618_Artificial-Intelligence-Lab-3366aaa/Practice/multiagent/searchAgents.py,projects/0/763189234-3366aaa0ff94a444d6cfa84651dfa244d6ec25e1/TahlilMahfuz-CSE-4618_Artificial-Intelligence-Lab-3366aaa/Lab03/isearch/searchAgents.py
projects/0/428375470-dd22e9d39ef5e2c6c8e8fb50ec61909f52c3f30e/StringSuzana-chat_server-dd22e9d/venv/Lib/site-packages/pip/_vendor/six.py,projects/0/770928505-9b13aa338b619080c86e23e0492a5a82deecfa1c/epfl-cs358-2024sp-exoskeleton-9b13aa3/pvenv/Lib/site-packages/pip/_vendor/six.py
projects/0/105887056-8518f4b10022ea2e9c15710bb693c68d298c67b7/mike84265-AIML-8518f4b/HW5/pacmanAgents.py,projects/0/763189234-3366aaa0ff94a444d6cfa84651dfa244d6ec25e1/TahlilMahfuz-CSE-4618_Artificial-Intelligence-Lab-3366aaa/Lab02/usearch/pacmanAgents.py
projects/0/322764981-73991d3b6174a29261cd6b86bc5f1c16a8b13021/star-eyes-student_edit-73991d3/成绩管理系统1/schema/pgsql/pgAdmin 4/venv/Lib/site-packages/pkg_resources/__init__.py,projects/0/322764981-73991d3b6174a29261cd6b86bc5f1c16a8b13021/star-eyes-student_edit-73991d3/成绩管理系统1/schema/pgsql/pgAdmin 4/venv/Lib/site-packages/pkg_resources/__init__.py
projects/0/770928505-9b13aa338b619080c86e23e0492a5a82deecfa1c/epfl-cs358-2024sp-exoskeleton-9b13aa3/pvenv/Lib/site-packages/pip/_vendor/typing_extensions.py,projects/0/770928505-9b13aa338b619080c86e23e0492a5a82deecfa1c/epfl-cs358-2024sp-exoskeleton-9b13aa3/pvenv/Lib/site-packages/pip/_vendor/typing_extensions.py
projects/0/428375470-dd22e9d39ef5e2c6c8e8fb50ec61909f52c3f30e/StringSuzana-chat_server-dd22e9d/venv/Lib/site-packages/pip/_vendor/pep517/in_process/_in_process.py,projects/0/428375470-dd22e9d39ef5e2c6c8e8fb50ec61909f52c3f30e/StringSuzana-chat_server-dd22e9d/venv/Lib/site-packages/pip/_vendor/pep517/in_process/_in_process.py
projects/0/322764981-73991d3b6174a29261cd6b86bc5f1c16a8b13021/star-eyes-student_edit-73991d3/成绩管理系统1/schema/pgsql/pgAdmin 4/venv/Lib/site-packages/docutils/readers/__init__.py,projects/0/322764981-73991d3b6174a29261cd6b86bc5f1c16a8b13021/star-eyes-student_edit-73991d3/成绩管理系统1/schema/pgsql/pgAdmin 4/venv/Lib/site-packages/docutils/readers/__init__.py
projects/0/428375470-dd22e9d39ef5e2c6c8e8fb50ec61909f52c3f30e/StringSuzana-chat_server-dd22e9d/venv/Lib/site-packages/pip/_internal/cli/parser.py,projects/0/428375470-dd22e9d39ef5e2c6c8e8fb50ec61909f52c3f30e/StringSuzana-chat_server-dd22e9d/venv/Lib/site-packages/pip/_internal/cli/parser.py
projects/0/322764981-73991d3b6174a29261cd6b86bc5f1c16a8b13021/star-eyes-student_edit-73991d3/成绩管理系统1/schema/pgsql/pgAdmin 4/venv/Lib/site-packages/pygments/lexers/scripting.py,projects/0/322764981-73991d3b6174a29261cd6b86bc5f1c16a8b13021/star-eyes-student_edit-73991d3/成绩管理系统1/schema/pgsql/pgAdmin 4/venv/Lib/site-packages/pygments/lexers/scripting.py
projects/0/322764981-73991d3b6174a29261cd6b86bc5f1c16a8b13021/star-eyes-student_edit-73991d3/成绩管理系统1/schema/pgsql/pgAdmin 4/venv/Lib/smtpd.py,projects/0/322764981-73991d3b6174a29261cd6b86bc5f1c16a8b13021/star-eyes-student_edit-73991d3/成绩管理系统1/schema/pgsql/pgAdmin 4/venv/Lib/smtpd.py
projects/0/322764981-73991d3b6174a29261cd6b86bc5f1c16a8b13021/star-eyes-student_edit-73991d3/成绩管理系统1/schema/pgsql/pgAdmin 4/venv/Lib/site-packages/jinja2/sandbox.py,projects/0/322764981-73991d3b6174a29261cd6b86bc5f1c16a8b13021/star-eyes-student_edit-73991d3/成绩管理系统1/schema/pgsql/pgAdmin 4/venv/Lib/site-packages/jinja2/sandbox.py
projects/0/322764981-73991d3b6174a29261cd6b86bc5f1c16a8b13021/star-eyes-student_edit-73991d3/成绩管理系统1/schema/pgsql/pgAdmin 4/venv/Lib/pydoc_data/topics.py,projects/0/322764981-73991d3b6174a29261cd6b86bc5f1c16a8b13021/star-eyes-student_edit-73991d3/成绩管理系统1/schema/pgsql/pgAdmin 4/venv/Lib/pydoc_data/topics.py
projects/0/322764981-73991d3b6174a29261cd6b86bc5f1c16a8b13021/star-eyes-student_edit-73991d3/成绩管理系统1/schema/pgsql/pgAdmin 4/venv/Lib/locale.py,projects/0/322764981-73991d3b6174a29261cd6b86bc5f1c16a8b13021/star-eyes-student_edit-73991d3/成绩管理系统1/schema/pgsql/pgAdmin 4/venv/Lib/locale.py
projects/0/428375470-dd22e9d39ef5e2c6c8e8fb50ec61909f52c3f30e/StringSuzana-chat_server-dd22e9d/venv/Lib/site-packages/setuptools/_distutils/msvc9compiler.py,projects/0/428375470-dd22e9d39ef5e2c6c8e8fb50ec61909f52c3f30e/StringSuzana-chat_server-dd22e9d/venv/Lib/site-packages/setuptools/_distutils/msvc9compiler.py
projects/0/322764981-73991d3b6174a29261cd6b86bc5f1c16a8b13021/star-eyes-student_edit-73991d3/成绩管理系统1/schema/pgsql/pgAdmin 4/venv/Lib/_sitebuiltins.py,projects/0/322764981-73991d3b6174a29261cd6b86bc5f1c16a8b13021/star-eyes-student_edit-73991d3/成绩管理系统1/schema/pgsql/pgAdmin 4/venv/Lib/_sitebuiltins.py
projects/0/770928505-9b13aa338b619080c86e23e0492a5a82deecfa1c/epfl-cs358-2024sp-exoskeleton-9b13aa3/pvenv/Lib/site-packages/pip/_vendor/__init__.py,projects/0/770928505-9b13aa338b619080c86e23e0492a5a82deecfa1c/epfl-cs358-2024sp-exoskeleton-9b13aa3/pvenv/Lib/site-packages/pip/_vendor/__init__.py
projects/0/770928505-9b13aa338b619080c86e23e0492a5a82deecfa1c/epfl-cs358-2024sp-exoskeleton-9b13aa3/pvenv/Lib/site-packages/pkg_resources/_vendor/pyparsing/__init__.py,projects/0/770928505-9b13aa338b619080c86e23e0492a5a82deecfa1c/epfl-cs358-2024sp-exoskeleton-9b13aa3/pvenv/Lib/site-packages/pkg_resources/_vendor/pyparsing/__init__.py
projects/0/322764981-73991d3b6174a29261cd6b86bc5f1c16a8b13021/star-eyes-student_edit-73991d3/成绩管理系统1/schema/pgsql/pgAdmin 4/venv/Lib/http/client.py,projects/0/322764981-73991d3b6174a29261cd6b86bc5f1c16a8b13021/star-eyes-student_edit-73991d3/成绩管理系统1/schema/pgsql/pgAdmin 4/venv/Lib/http/client.py
projects/0/322764981-73991d3b6174a29261cd6b86bc5f1c16a8b13021/star-eyes-student_edit-73991d3/成绩管理系统1/schema/pgsql/pgAdmin 4/venv/Lib/site-packages/setuptools/sandbox.py,projects/0/322764981-73991d3b6174a29261cd6b86bc5f1c16a8b13021/star-eyes-student_edit-73991d3/成绩管理系统1/schema/pgsql/pgAdmin 4/venv/Lib/site-packages/setuptools/sandbox.py
projects/0/322764981-73991d3b6174a29261cd6b86bc5f1c16a8b13021/star-eyes-student_edit-73991d3/成绩管理系统1/schema/pgsql/pgAdmin 4/venv/Lib/site-packages/pip/_vendor/urllib3/packages/six.py,projects/0/322764981-73991d3b6174a29261cd6b86bc5f1c16a8b13021/star-eyes-student_edit-73991d3/成绩管理系统1/schema/pgsql/pgAdmin 4/venv/Lib/site-packages/pkg_resources/_vendor/six.py
projects/0/763189234-3366aaa0ff94a444d6cfa84651dfa244d6ec25e1/TahlilMahfuz-CSE-4618_Artificial-Intelligence-Lab-3366aaa/Practice/multiagent_sol/multiagent/multiAgents.py,projects/0/763189234-3366aaa0ff94a444d6cfa84651dfa244d6ec25e1/TahlilMahfuz-CSE-4618_Artificial-Intelligence-Lab-3366aaa/Practice/multiagent_sol/multiagent/multiAgents.py
projects/0/770928505-9b13aa338b619080c86e23e0492a5a82deecfa1c/epfl-cs358-2024sp-exoskeleton-9b13aa3/pvenv/Lib/site-packages/pip/_internal/cli/parser.py,projects/0/770928505-9b13aa338b619080c86e23e0492a5a82deecfa1c/epfl-cs358-2024sp-exoskeleton-9b13aa3/pvenv/Lib/site-packages/pip/_internal/cli/parser.py
projects/0/322764981-73991d3b6174a29261cd6b86bc5f1c16a8b13021/star-eyes-student_edit-73991d3/成绩管理系统1/schema/pgsql/pgAdmin 4/venv/Lib/lib2to3/fixes/fix_execfile.py,projects/0/322764981-73991d3b6174a29261cd6b86bc5f1c16a8b13021/star-eyes-student_edit-73991d3/成绩管理系统1/schema/pgsql/pgAdmin 4/venv/Lib/lib2to3/fixes/fix_execfile.py
projects/0/428375470-dd22e9d39ef5e2c6c8e8fb50ec61909f52c3f30e/StringSuzana-chat_server-dd22e9d/venv/Lib/site-packages/pkg_resources/__init__.py,projects/0/428375470-dd22e9d39ef5e2c6c8e8fb50ec61909f52c3f30e/StringSuzana-chat_server-dd22e9d/venv/Lib/site-packages/pkg_resources/__init__.py
projects/0/763189234-3366aaa0ff94a444d6cfa84651dfa244d6ec25e1/TahlilMahfuz-CSE-4618_Artificial-Intelligence-Lab-3366aaa/Lab05/multiagent/multiAgents.py,projects/0/763189234-3366aaa0ff94a444d6cfa84651dfa244d6ec25e1/TahlilMahfuz-CSE-4618_Artificial-Intelligence-Lab-3366aaa/Lab05/multiagent/multiAgents.py
projects/0/770928505-9b13aa338b619080c86e23e0492a5a82deecfa1c/epfl-cs358-2024sp-exoskeleton-9b13aa3/pvenv/Lib/site-packages/pip/_vendor/urllib3/packages/six.py,projects/0/770928505-9b13aa338b619080c86e23e0492a5a82deecfa1c/epfl-cs358-2024sp-exoskeleton-9b13aa3/pvenv/Lib/site-packages/pip/_vendor/six.py
projects/0/322764981-73991d3b6174a29261cd6b86bc5f1c16a8b13021/star-eyes-student_edit-73991d3/成绩管理系统1/schema/pgsql/pgAdmin 4/venv/Lib/types.py,projects/0/322764981-73991d3b6174a29261cd6b86bc5f1c16a8b13021/star-eyes-student_edit-73991d3/成绩管理系统1/schema/pgsql/pgAdmin 4/venv/Lib/types.py
projects/0/322764981-73991d3b6174a29261cd6b86bc5f1c16a8b13021/star-eyes-student_edit-73991d3/成绩管理系统1/schema/pgsql/pgAdmin 4/venv/Lib/site-packages/flask/json/__init__.py,projects/0/322764981-73991d3b6174a29261cd6b86bc5f1c16a8b13021/star-eyes-student_edit-73991d3/成绩管理系统1/schema/pgsql/pgAdmin 4/venv/Lib/site-packages/flask/json/__init__.py
projects/0/763189234-3366aaa0ff94a444d6cfa84651dfa244d6ec25e1/TahlilMahfuz-CSE-4618_Artificial-Intelligence-Lab-3366aaa/Lab02/usearch/util.py,projects/0/763189234-3366aaa0ff94a444d6cfa84651dfa244d6ec25e1/TahlilMahfuz-CSE-4618_Artificial-Intelligence-Lab-3366aaa/Lab02/usearch/util.py
projects/0/763189234-3366aaa0ff94a444d6cfa84651dfa244d6ec25e1/TahlilMahfuz-CSE-4618_Artificial-Intelligence-Lab-3366aaa/Lab03/isearch/util.py,projects/0/763189234-3366aaa0ff94a444d6cfa84651dfa244d6ec25e1/TahlilMahfuz-CSE-4618_Artificial-Intelligence-Lab-3366aaa/Lab02/usearch/util.py
projects/0/322764981-73991d3b6174a29261cd6b86bc5f1c16a8b13021/star-eyes-student_edit-73991d3/成绩管理系统1/schema/pgsql/pgAdmin 4/venv/Lib/site-packages/docutils/writers/__init__.py,projects/0/322764981-73991d3b6174a29261cd6b86bc5f1c16a8b13021/star-eyes-student_edit-73991d3/成绩管理系统1/schema/pgsql/pgAdmin 4/venv/Lib/site-packages/docutils/writers/__init__.py
projects/0/322764981-73991d3b6174a29261cd6b86bc5f1c16a8b13021/star-eyes-student_edit-73991d3/成绩管理系统1/schema/pgsql/pgAdmin 4/venv/Lib/site-packages/jinja2/loaders.py,projects/0/322764981-73991d3b6174a29261cd6b86bc5f1c16a8b13021/star-eyes-student_edit-73991d3/成绩管理系统1/schema/pgsql/pgAdmin 4/venv/Lib/site-packages/jinja2/loaders.py
projects/0/322764981-73991d3b6174a29261cd6b86bc5f1c16a8b13021/star-eyes-student_edit-73991d3/成绩管理系统1/schema/pgsql/pgAdmin 4/venv/Lib/site-packages/jinja2/runtime.py,projects/0/322764981-73991d3b6174a29261cd6b86bc5f1c16a8b13021/star-eyes-student_edit-73991d3/成绩管理系统1/schema/pgsql/pgAdmin 4/venv/Lib/site-packages/jinja2/runtime.py
projects/0/322764981-73991d3b6174a29261cd6b86bc5f1c16a8b13021/star-eyes-student_edit-73991d3/成绩管理系统1/schema/pgsql/pgAdmin 4/venv/Lib/site-packages/dns/flags.py,projects/0/322764981-73991d3b6174a29261cd6b86bc5f1c16a8b13021/star-eyes-student_edit-73991d3/成绩管理系统1/schema/pgsql/pgAdmin 4/venv/Lib/site-packages/dns/flags.py
projects/0/322764981-73991d3b6174a29261cd6b86bc5f1c16a8b13021/star-eyes-student_edit-73991d3/成绩管理系统1/schema/pgsql/pgAdmin 4/venv/Lib/site-packages/sqlalchemy/ext/declarative/clsregistry.py,projects/0/322764981-73991d3b6174a29261cd6b86bc5f1c16a8b13021/star-eyes-student_edit-73991d3/成绩管理系统1/schema/pgsql/pgAdmin 4/venv/Lib/site-packages/sqlalchemy/ext/declarative/clsregistry.py
projects/0/322764981-73991d3b6174a29261cd6b86bc5f1c16a8b13021/star-eyes-student_edit-73991d3/成绩管理系统1/schema/pgsql/pgAdmin 4/venv/Lib/site-packages/psutil/_pswindows.py,projects/0/322764981-73991d3b6174a29261cd6b86bc5f1c16a8b13021/star-eyes-student_edit-73991d3/成绩管理系统1/schema/pgsql/pgAdmin 4/venv/Lib/site-packages/psutil/_pswindows.py
projects/0/322764981-73991d3b6174a29261cd6b86bc5f1c16a8b13021/star-eyes-student_edit-73991d3/成绩管理系统1/schema/pgsql/pgAdmin 4/venv/Lib/site-packages/setuptools/depends.py,projects/0/322764981-73991d3b6174a29261cd6b86bc5f1c16a8b13021/star-eyes-student_edit-73991d3/成绩管理系统1/schema/pgsql/pgAdmin 4/venv/Lib/site-packages/setuptools/depends.py
projects/0/322764981-73991d3b6174a29261cd6b86bc5f1c16a8b13021/star-eyes-student_edit-73991d3/成绩管理系统1/schema/pgsql/pgAdmin 4/venv/Lib/site-packages/pip/_vendor/__init__.py,projects/0/322764981-73991d3b6174a29261cd6b86bc5f1c16a8b13021/star-eyes-student_edit-73991d3/成绩管理系统1/schema/pgsql/pgAdmin 4/venv/Lib/site-packages/pip/_vendor/__init__.py
projects/0/322764981-73991d3b6174a29261cd6b86bc5f1c16a8b13021/star-eyes-student_edit-73991d3/成绩管理系统1/schema/pgsql/pgAdmin 4/venv/Lib/site-packages/click/termui.py,projects/0/322764981-73991d3b6174a29261cd6b86bc5f1c16a8b13021/star-eyes-student_edit-73991d3/成绩管理系统1/schema/pgsql/pgAdmin 4/venv/Lib/site-packages/click/termui.py
projects/0/322764981-73991d3b6174a29261cd6b86bc5f1c16a8b13021/star-eyes-student_edit-73991d3/成绩管理系统1/schema/pgsql/pgAdmin 4/venv/Lib/site-packages/jinja2/meta.py,projects/0/322764981-73991d3b6174a29261cd6b86bc5f1c16a8b13021/star-eyes-student_edit-73991d3/成绩管理系统1/schema/pgsql/pgAdmin 4/venv/Lib/site-packages/jinja2/meta.py
projects/0/322764981-73991d3b6174a29261cd6b86bc5f1c16a8b13021/star-eyes-student_edit-73991d3/成绩管理系统1/schema/pgsql/pgAdmin 4/venv/Lib/site-packages/sqlalchemy/processors.py,projects/0/322764981-73991d3b6174a29261cd6b86bc5f1c16a8b13021/star-eyes-student_edit-73991d3/成绩管理系统1/schema/pgsql/pgAdmin 4/venv/Lib/site-packages/sqlalchemy/processors.py
projects/0/322764981-73991d3b6174a29261cd6b86bc5f1c16a8b13021/star-eyes-student_edit-73991d3/成绩管理系统1/schema/pgsql/pgAdmin 4/venv/Lib/multiprocessing/__init__.py,projects/0/322764981-73991d3b6174a29261cd6b86bc5f1c16a8b13021/star-eyes-student_edit-73991d3/成绩管理系统1/schema/pgsql/pgAdmin 4/venv/Lib/multiprocessing/__init__.py
projects/0/322764981-73991d3b6174a29261cd6b86bc5f1c16a8b13021/star-eyes-student_edit-73991d3/成绩管理系统1/schema/pgsql/pgAdmin 4/venv/Lib/idlelib/stackviewer.py,projects/0/322764981-73991d3b6174a29261cd6b86bc5f1c16a8b13021/star-eyes-student_edit-73991d3/成绩管理系统1/schema/pgsql/pgAdmin 4/venv/Lib/idlelib/stackviewer.py
projects/0/322764981-73991d3b6174a29261cd6b86bc5f1c16a8b13021/star-eyes-student_edit-73991d3/成绩管理系统1/schema/pgsql/pgAdmin 4/venv/Lib/site-packages/six.py,projects/0/322764981-73991d3b6174a29261cd6b86bc5f1c16a8b13021/star-eyes-student_edit-73991d3/成绩管理系统1/schema/pgsql/pgAdmin 4/venv/Lib/site-packages/six.py
projects/0/763189234-3366aaa0ff94a444d6cfa84651dfa244d6ec25e1/TahlilMahfuz-CSE-4618_Artificial-Intelligence-Lab-3366aaa/Lab01/tutorial/util.py,projects/0/763189234-3366aaa0ff94a444d6cfa84651dfa244d6ec25e1/TahlilMahfuz-CSE-4618_Artificial-Intelligence-Lab-3366aaa/Lab01/tutorial/util.py
projects/0/322764981-73991d3b6174a29261cd6b86bc5f1c16a8b13021/star-eyes-student_edit-73991d3/成绩管理系统1/schema/pgsql/pgAdmin 4/venv/Lib/idlelib/run.py,projects/0/322764981-73991d3b6174a29261cd6b86bc5f1c16a8b13021/star-eyes-student_edit-73991d3/成绩管理系统1/schema/pgsql/pgAdmin 4/venv/Lib/idlelib/run.py
projects/0/322764981-73991d3b6174a29261cd6b86bc5f1c16a8b13021/star-eyes-student_edit-73991d3/成绩管理系统1/schema/pgsql/pgAdmin 4/venv/Lib/site-packages/flask/globals.py,projects/0/322764981-73991d3b6174a29261cd6b86bc5f1c16a8b13021/star-eyes-student_edit-73991d3/成绩管理系统1/schema/pgsql/pgAdmin 4/venv/Lib/site-packages/flask/globals.py
projects/0/322764981-73991d3b6174a29261cd6b86bc5f1c16a8b13021/star-eyes-student_edit-73991d3/成绩管理系统1/schema/pgsql/pgAdmin 4/venv/Lib/asyncio/windows_utils.py,projects/0/322764981-73991d3b6174a29261cd6b86bc5f1c16a8b13021/star-eyes-student_edit-73991d3/成绩管理系统1/schema/pgsql/pgAdmin 4/venv/Lib/asyncio/windows_utils.py
projects/0/322764981-73991d3b6174a29261cd6b86bc5f1c16a8b13021/star-eyes-student_edit-73991d3/成绩管理系统1/schema/pgsql/pgAdmin 4/venv/Lib/symbol.py,projects/0/322764981-73991d3b6174a29261cd6b86bc5f1c16a8b13021/star-eyes-student_edit-73991d3/成绩管理系统1/schema/pgsql/pgAdmin 4/venv/Lib/symbol.py
projects/0/322764981-73991d3b6174a29261cd6b86bc5f1c16a8b13021/star-eyes-student_edit-73991d3/成绩管理系统1/schema/pgsql/pgAdmin 4/venv/Lib/site-packages/werkzeug/debug/tbtools.py,projects/0/322764981-73991d3b6174a29261cd6b86bc5f1c16a8b13021/star-eyes-student_edit-73991d3/成绩管理系统1/schema/pgsql/pgAdmin 4/venv/Lib/site-packages/werkzeug/debug/tbtools.py
projects/0/322764981-73991d3b6174a29261cd6b86bc5f1c16a8b13021/star-eyes-student_edit-73991d3/成绩管理系统1/schema/pgsql/pgAdmin 4/venv/Lib/site-packages/dns/rdtypes/dnskeybase.py,projects/0/322764981-73991d3b6174a29261cd6b86bc5f1c16a8b13021/star-eyes-student_edit-73991d3/成绩管理系统1/schema/pgsql/pgAdmin 4/venv/Lib/site-packages/dns/rdtypes/dnskeybase.py
projects/0/322764981-73991d3b6174a29261cd6b86bc5f1c16a8b13021/star-eyes-student_edit-73991d3/成绩管理系统1/schema/pgsql/pgAdmin 4/venv/Lib/site-packages/click/decorators.py,projects/0/322764981-73991d3b6174a29261cd6b86bc5f1c16a8b13021/star-eyes-student_edit-73991d3/成绩管理系统1/schema/pgsql/pgAdmin 4/venv/Lib/site-packages/click/decorators.py
projects/0/127101709-aa0ca66c23ba379efaa869d68db5670cc388f2e5/ZZYuting-car-detection-using-retinanet-aa0ca66/Detectron/detectron/modeling/ResNet.py,projects/0/127101709-aa0ca66c23ba379efaa869d68db5670cc388f2e5/ZZYuting-car-detection-using-retinanet-aa0ca66/Detectron/detectron/modeling/ResNet.py
projects/0/455259988-0a8dd8033445129876aa932c0de04b98185afb5e/andrebsilva-python-learn-0a8dd80/Part_03/003-Built-In/37_locals.py,projects/0/455259988-0a8dd8033445129876aa932c0de04b98185afb5e/andrebsilva-python-learn-0a8dd80/Part_03/003-Built-In/37_locals.py
projects/0/763189234-3366aaa0ff94a444d6cfa84651dfa244d6ec25e1/TahlilMahfuz-CSE-4618_Artificial-Intelligence-Lab-3366aaa/Practice/multiagent_sol/multiagent/pacmanAgents.py,projects/0/763189234-3366aaa0ff94a444d6cfa84651dfa244d6ec25e1/TahlilMahfuz-CSE-4618_Artificial-Intelligence-Lab-3366aaa/Lab02/usearch/pacmanAgents.py
projects/0/322764981-73991d3b6174a29261cd6b86bc5f1c16a8b13021/star-eyes-student_edit-73991d3/成绩管理系统1/schema/pgsql/pgAdmin 4/venv/Lib/site-packages/psutil/_pslinux.py,projects/0/322764981-73991d3b6174a29261cd6b86bc5f1c16a8b13021/star-eyes-student_edit-73991d3/成绩管理系统1/schema/pgsql/pgAdmin 4/venv/Lib/site-packages/psutil/_pslinux.py
projects/0/322764981-73991d3b6174a29261cd6b86bc5f1c16a8b13021/star-eyes-student_edit-73991d3/成绩管理系统1/schema/pgsql/pgAdmin 4/venv/Lib/profile.py,projects/0/322764981-73991d3b6174a29261cd6b86bc5f1c16a8b13021/star-eyes-student_edit-73991d3/成绩管理系统1/schema/pgsql/pgAdmin 4/venv/Lib/profile.py
projects/0/322764981-73991d3b6174a29261cd6b86bc5f1c16a8b13021/star-eyes-student_edit-73991d3/成绩管理系统1/schema/pgsql/pgAdmin 4/venv/Lib/socket.py,projects/0/322764981-73991d3b6174a29261cd6b86bc5f1c16a8b13021/star-eyes-student_edit-73991d3/成绩管理系统1/schema/pgsql/pgAdmin 4/venv/Lib/socket.py
projects/0/127101709-aa0ca66c23ba379efaa869d68db5670cc388f2e5/ZZYuting-car-detection-using-retinanet-aa0ca66/Detectron/detectron/utils/lr_policy.py,projects/0/127101709-aa0ca66c23ba379efaa869d68db5670cc388f2e5/ZZYuting-car-detection-using-retinanet-aa0ca66/Detectron/detectron/utils/lr_policy.py
projects/0/322764981-73991d3b6174a29261cd6b86bc5f1c16a8b13021/star-eyes-student_edit-73991d3/成绩管理系统1/schema/pgsql/pgAdmin 4/venv/Lib/_pyio.py,projects/0/322764981-73991d3b6174a29261cd6b86bc5f1c16a8b13021/star-eyes-student_edit-73991d3/成绩管理系统1/schema/pgsql/pgAdmin 4/venv/Lib/_pyio.py
projects/0/322764981-73991d3b6174a29261cd6b86bc5f1c16a8b13021/star-eyes-student_edit-73991d3/成绩管理系统1/schema/pgsql/pgAdmin 4/venv/Lib/site-packages/passlib/handlers/ldap_digests.py,projects/0/322764981-73991d3b6174a29261cd6b86bc5f1c16a8b13021/star-eyes-student_edit-73991d3/成绩管理系统1/schema/pgsql/pgAdmin 4/venv/Lib/site-packages/passlib/handlers/ldap_digests.py
projects/0/105887056-8518f4b10022ea2e9c15710bb693c68d298c67b7/mike84265-AIML-8518f4b/HW3/util.py,projects/0/105887056-8518f4b10022ea2e9c15710bb693c68d298c67b7/mike84265-AIML-8518f4b/HW2/util.py
projects/0/770928505-9b13aa338b619080c86e23e0492a5a82deecfa1c/epfl-cs358-2024sp-exoskeleton-9b13aa3/pvenv/Lib/site-packages/setuptools/_distutils/sysconfig.py,projects/0/770928505-9b13aa338b619080c86e23e0492a5a82deecfa1c/epfl-cs358-2024sp-exoskeleton-9b13aa3/pvenv/Lib/site-packages/setuptools/_distutils/sysconfig.py
projects/0/770928505-9b13aa338b619080c86e23e0492a5a82deecfa1c/epfl-cs358-2024sp-exoskeleton-9b13aa3/pvenv/Lib/site-packages/pip/_vendor/pyparsing/__init__.py,projects/0/770928505-9b13aa338b619080c86e23e0492a5a82deecfa1c/epfl-cs358-2024sp-exoskeleton-9b13aa3/pvenv/Lib/site-packages/pip/_vendor/pyparsing/__init__.py
projects/0/770928505-9b13aa338b619080c86e23e0492a5a82deecfa1c/epfl-cs358-2024sp-exoskeleton-9b13aa3/pvenv/Lib/site-packages/setuptools/depends.py,projects/0/770928505-9b13aa338b619080c86e23e0492a5a82deecfa1c/epfl-cs358-2024sp-exoskeleton-9b13aa3/pvenv/Lib/site-packages/setuptools/depends.py
projects/0/322764981-73991d3b6174a29261cd6b86bc5f1c16a8b13021/star-eyes-student_edit-73991d3/成绩管理系统1/schema/pgsql/pgAdmin 4/venv/Lib/site-packages/distlib/_backport/sysconfig.py,projects/0/428375470-dd22e9d39ef5e2c6c8e8fb50ec61909f52c3f30e/StringSuzana-chat_server-dd22e9d/venv/Lib/site-packages/pip/_vendor/distlib/_backport/sysconfig.py
projects/0/322764981-73991d3b6174a29261cd6b86bc5f1c16a8b13021/star-eyes-student_edit-73991d3/成绩管理系统1/schema/pgsql/pgAdmin 4/venv/Lib/site-packages/simplejson/encoder.py,projects/0/322764981-73991d3b6174a29261cd6b86bc5f1c16a8b13021/star-eyes-student_edit-73991d3/成绩管理系统1/schema/pgsql/pgAdmin 4/venv/Lib/site-packages/simplejson/encoder.py
projects/0/322764981-73991d3b6174a29261cd6b86bc5f1c16a8b13021/star-eyes-student_edit-73991d3/成绩管理系统1/schema/pgsql/pgAdmin 4/venv/Lib/site-packages/dns/rcode.py,projects/0/322764981-73991d3b6174a29261cd6b86bc5f1c16a8b13021/star-eyes-student_edit-73991d3/成绩管理系统1/schema/pgsql/pgAdmin 4/venv/Lib/site-packages/dns/rcode.py
projects/0/322764981-73991d3b6174a29261cd6b86bc5f1c16a8b13021/star-eyes-student_edit-73991d3/成绩管理系统1/schema/pgsql/pgAdmin 4/venv/Lib/site-packages/flask/templating.py,projects/0/322764981-73991d3b6174a29261cd6b86bc5f1c16a8b13021/star-eyes-student_edit-73991d3/成绩管理系统1/schema/pgsql/pgAdmin 4/venv/Lib/site-packages/flask/templating.py
projects/0/105887056-8518f4b10022ea2e9c15710bb693c68d298c67b7/mike84265-AIML-8518f4b/HW1/searchAgents.py,projects/0/105887056-8518f4b10022ea2e9c15710bb693c68d298c67b7/mike84265-AIML-8518f4b/HW2/searchAgents.py
projects/0/322764981-73991d3b6174a29261cd6b86bc5f1c16a8b13021/star-eyes-student_edit-73991d3/成绩管理系统1/schema/pgsql/pgAdmin 4/venv/Lib/site-packages/docutils/languages/__init__.py,projects/0/322764981-73991d3b6174a29261cd6b86bc5f1c16a8b13021/star-eyes-student_edit-73991d3/成绩管理系统1/schema/pgsql/pgAdmin 4/venv/Lib/site-packages/docutils/languages/__init__.py
projects/0/322764981-73991d3b6174a29261cd6b86bc5f1c16a8b13021/star-eyes-student_edit-73991d3/成绩管理系统1/schema/pgsql/pgAdmin 4/venv/Lib/site-packages/flask/__init__.py,projects/0/322764981-73991d3b6174a29261cd6b86bc5f1c16a8b13021/star-eyes-student_edit-73991d3/成绩管理系统1/schema/pgsql/pgAdmin 4/venv/Lib/site-packages/flask/__init__.py
projects/0/322764981-73991d3b6174a29261cd6b86bc5f1c16a8b13021/star-eyes-student_edit-73991d3/成绩管理系统1/schema/pgsql/pgAdmin 4/venv/Lib/site-packages/flask/ctx.py,projects/0/322764981-73991d3b6174a29261cd6b86bc5f1c16a8b13021/star-eyes-student_edit-73991d3/成绩管理系统1/schema/pgsql/pgAdmin 4/venv/Lib/site-packages/flask/ctx.py
projects/0/428375470-dd22e9d39ef5e2c6c8e8fb50ec61909f52c3f30e/StringSuzana-chat_server-dd22e9d/venv/Lib/site-packages/pip/_internal/commands/debug.py,projects/0/428375470-dd22e9d39ef5e2c6c8e8fb50ec61909f52c3f30e/StringSuzana-chat_server-dd22e9d/venv/Lib/site-packages/pip/_internal/commands/debug.py
projects/0/428375470-dd22e9d39ef5e2c6c8e8fb50ec61909f52c3f30e/StringSuzana-chat_server-dd22e9d/venv/Lib/site-packages/setuptools/_distutils/sysconfig.py,projects/0/428375470-dd22e9d39ef5e2c6c8e8fb50ec61909f52c3f30e/StringSuzana-chat_server-dd22e9d/venv/Lib/site-packages/setuptools/_distutils/sysconfig.py
projects/0/322764981-73991d3b6174a29261cd6b86bc5f1c16a8b13021/star-eyes-student_edit-73991d3/成绩管理系统1/schema/pgsql/pgAdmin 4/venv/Lib/logging/__init__.py,projects/0/322764981-73991d3b6174a29261cd6b86bc5f1c16a8b13021/star-eyes-student_edit-73991d3/成绩管理系统1/schema/pgsql/pgAdmin 4/venv/Lib/logging/__init__.py
projects/0/322764981-73991d3b6174a29261cd6b86bc5f1c16a8b13021/star-eyes-student_edit-73991d3/成绩管理系统1/schema/pgsql/pgAdmin 4/venv/Lib/site-packages/werkzeug/utils.py,projects/0/322764981-73991d3b6174a29261cd6b86bc5f1c16a8b13021/star-eyes-student_edit-73991d3/成绩管理系统1/schema/pgsql/pgAdmin 4/venv/Lib/site-packages/werkzeug/utils.py
projects/0/428375470-dd22e9d39ef5e2c6c8e8fb50ec61909f52c3f30e/StringSuzana-chat_server-dd22e9d/venv/Lib/site-packages/pip/_vendor/__init__.py,projects/0/428375470-dd22e9d39ef5e2c6c8e8fb50ec61909f52c3f30e/StringSuzana-chat_server-dd22e9d/venv/Lib/site-packages/pip/_vendor/__init__.py
projects/0/105887056-8518f4b10022ea2e9c15710bb693c68d298c67b7/mike84265-AIML-8518f4b/HW4/util.py,projects/0/105887056-8518f4b10022ea2e9c15710bb693c68d298c67b7/mike84265-AIML-8518f4b/HW2/util.py
projects/0/322764981-73991d3b6174a29261cd6b86bc5f1c16a8b13021/star-eyes-student_edit-73991d3/成绩管理系统1/schema/pgsql/pgAdmin 4/venv/Lib/site-packages/pygments/lexers/_lasso_builtins.py,projects/0/322764981-73991d3b6174a29261cd6b86bc5f1c16a8b13021/star-eyes-student_edit-73991d3/成绩管理系统1/schema/pgsql/pgAdmin 4/venv/Lib/site-packages/pygments/lexers/_lasso_builtins.py
projects/0/322764981-73991d3b6174a29261cd6b86bc5f1c16a8b13021/star-eyes-student_edit-73991d3/成绩管理系统1/schema/pgsql/pgAdmin 4/venv/Lib/site-packages/click/utils.py,projects/0/322764981-73991d3b6174a29261cd6b86bc5f1c16a8b13021/star-eyes-student_edit-73991d3/成绩管理系统1/schema/pgsql/pgAdmin 4/venv/Lib/site-packages/click/utils.py
projects/0/763189234-3366aaa0ff94a444d6cfa84651dfa244d6ec25e1/TahlilMahfuz-CSE-4618_Artificial-Intelligence-Lab-3366aaa/Lab02/usearch/pacmanAgents.py,projects/0/763189234-3366aaa0ff94a444d6cfa84651dfa244d6ec25e1/TahlilMahfuz-CSE-4618_Artificial-Intelligence-Lab-3366aaa/Lab02/usearch/pacmanAgents.py
projects/0/770928505-9b13aa338b619080c86e23e0492a5a82deecfa1c/epfl-cs358-2024sp-exoskeleton-9b13aa3/pvenv/Lib/site-packages/setuptools/_vendor/pyparsing/__init__.py,projects/0/770928505-9b13aa338b619080c86e23e0492a5a82deecfa1c/epfl-cs358-2024sp-exoskeleton-9b13aa3/pvenv/Lib/site-packages/pkg_resources/_vendor/pyparsing/__init__.py
projects/0/127101709-aa0ca66c23ba379efaa869d68db5670cc388f2e5/ZZYuting-car-detection-using-retinanet-aa0ca66/Detectron/detectron/modeling/model_builder.py,projects/0/127101709-aa0ca66c23ba379efaa869d68db5670cc388f2e5/ZZYuting-car-detection-using-retinanet-aa0ca66/Detectron/detectron/modeling/model_builder.py
projects/0/322764981-73991d3b6174a29261cd6b86bc5f1c16a8b13021/star-eyes-student_edit-73991d3/成绩管理系统1/schema/pgsql/pgAdmin 4/venv/Lib/site-packages/sqlalchemy/exc.py,projects/0/322764981-73991d3b6174a29261cd6b86bc5f1c16a8b13021/star-eyes-student_edit-73991d3/成绩管理系统1/schema/pgsql/pgAdmin 4/venv/Lib/site-packages/sqlalchemy/exc.py
projects/0/428375470-dd22e9d39ef5e2c6c8e8fb50ec61909f52c3f30e/StringSuzana-chat_server-dd22e9d/venv/Lib/site-packages/pip/_vendor/pkg_resources/__init__.py,projects/0/770928505-9b13aa338b619080c86e23e0492a5a82deecfa1c/epfl-cs358-2024sp-exoskeleton-9b13aa3/pvenv/Lib/site-packages/pip/_vendor/pkg_resources/__init__.py
projects/0/322764981-73991d3b6174a29261cd6b86bc5f1c16a8b13021/star-eyes-student_edit-73991d3/成绩管理系统1/schema/pgsql/pgAdmin 4/venv/Lib/rlcompleter.py,projects/0/322764981-73991d3b6174a29261cd6b86bc5f1c16a8b13021/star-eyes-student_edit-73991d3/成绩管理系统1/schema/pgsql/pgAdmin 4/venv/Lib/rlcompleter.py
projects/0/322764981-73991d3b6174a29261cd6b86bc5f1c16a8b13021/star-eyes-student_edit-73991d3/成绩管理系统1/schema/pgsql/pgAdmin 4/venv/Lib/site-packages/docutils/parsers/rst/languages/__init__.py,projects/0/322764981-73991d3b6174a29261cd6b86bc5f1c16a8b13021/star-eyes-student_edit-73991d3/成绩管理系统1/schema/pgsql/pgAdmin 4/venv/Lib/site-packages/docutils/parsers/rst/languages/__init__.py
projects/0/105887056-8518f4b10022ea2e9c15710bb693c68d298c67b7/mike84265-AIML-8518f4b/HW4/qlearningAgents.py,projects/0/105887056-8518f4b10022ea2e9c15710bb693c68d298c67b7/mike84265-AIML-8518f4b/HW4/qlearningAgents.py
projects/0/322764981-73991d3b6174a29261cd6b86bc5f1c16a8b13021/star-eyes-student_edit-73991d3/成绩管理系统1/schema/pgsql/pgAdmin 4/venv/Lib/plistlib.py,projects/0/322764981-73991d3b6174a29261cd6b86bc5f1c16a8b13021/star-eyes-student_edit-73991d3/成绩管理系统1/schema/pgsql/pgAdmin 4/venv/Lib/plistlib.py
projects/0/322764981-73991d3b6174a29261cd6b86bc5f1c16a8b13021/star-eyes-student_edit-73991d3/成绩管理系统1/schema/pgsql/pgAdmin 4/venv/Lib/inspect.py,projects/0/322764981-73991d3b6174a29261cd6b86bc5f1c16a8b13021/star-eyes-student_edit-73991d3/成绩管理系统1/schema/pgsql/pgAdmin 4/venv/Lib/inspect.py
projects/0/322764981-73991d3b6174a29261cd6b86bc5f1c16a8b13021/star-eyes-student_edit-73991d3/成绩管理系统1/schema/pgsql/pgAdmin 4/venv/Lib/site-packages/psutil/_pssunos.py,projects/0/322764981-73991d3b6174a29261cd6b86bc5f1c16a8b13021/star-eyes-student_edit-73991d3/成绩管理系统1/schema/pgsql/pgAdmin 4/venv/Lib/site-packages/psutil/_pssunos.py
projects/0/455259988-0a8dd8033445129876aa932c0de04b98185afb5e/andrebsilva-python-learn-0a8dd80/Part_03/003-Built-In/36_globals.py,projects/0/455259988-0a8dd8033445129876aa932c0de04b98185afb5e/andrebsilva-python-learn-0a8dd80/Part_03/003-Built-In/36_globals.py
projects/0/322764981-73991d3b6174a29261cd6b86bc5f1c16a8b13021/star-eyes-student_edit-73991d3/成绩管理系统1/schema/pgsql/pgAdmin 4/venv/Lib/re.py,projects/0/322764981-73991d3b6174a29261cd6b86bc5f1c16a8b13021/star-eyes-student_edit-73991d3/成绩管理系统1/schema/pgsql/pgAdmin 4/venv/Lib/re.py
projects/0/322764981-73991d3b6174a29261cd6b86bc5f1c16a8b13021/star-eyes-student_edit-73991d3/成绩管理系统1/schema/pgsql/pgAdmin 4/venv/Lib/site-packages/flask/cli.py,projects/0/322764981-73991d3b6174a29261cd6b86bc5f1c16a8b13021/star-eyes-student_edit-73991d3/成绩管理系统1/schema/pgsql/pgAdmin 4/venv/Lib/site-packages/flask/cli.py
projects/0/322764981-73991d3b6174a29261cd6b86bc5f1c16a8b13021/star-eyes-student_edit-73991d3/成绩管理系统1/schema/pgsql/pgAdmin 4/venv/Lib/site-packages/pip/_vendor/pkg_resources/__init__.py,projects/0/322764981-73991d3b6174a29261cd6b86bc5f1c16a8b13021/star-eyes-student_edit-73991d3/成绩管理系统1/schema/pgsql/pgAdmin 4/venv/Lib/site-packages/pip/_vendor/pkg_resources/__init__.py
projects/0/763189234-3366aaa0ff94a444d6cfa84651dfa244d6ec25e1/TahlilMahfuz-CSE-4618_Artificial-Intelligence-Lab-3366aaa/Practice/multiagent/util.py,projects/0/763189234-3366aaa0ff94a444d6cfa84651dfa244d6ec25e1/TahlilMahfuz-CSE-4618_Artificial-Intelligence-Lab-3366aaa/Practice/multiagent/util.py
projects/0/322764981-73991d3b6174a29261cd6b86bc5f1c16a8b13021/star-eyes-student_edit-73991d3/成绩管理系统1/schema/pgsql/pgAdmin 4/venv/Lib/idlelib/idle_test/htest.py,projects/0/322764981-73991d3b6174a29261cd6b86bc5f1c16a8b13021/star-eyes-student_edit-73991d3/成绩管理系统1/schema/pgsql/pgAdmin 4/venv/Lib/idlelib/idle_test/htest.py
projects/0/770928505-9b13aa338b619080c86e23e0492a5a82deecfa1c/epfl-cs358-2024sp-exoskeleton-9b13aa3/pvenv/Lib/site-packages/setuptools/_distutils/command/check.py,projects/0/770928505-9b13aa338b619080c86e23e0492a5a82deecfa1c/epfl-cs358-2024sp-exoskeleton-9b13aa3/pvenv/Lib/site-packages/setuptools/_distutils/command/check.py
projects/0/428375470-dd22e9d39ef5e2c6c8e8fb50ec61909f52c3f30e/StringSuzana-chat_server-dd22e9d/venv/Lib/site-packages/pip/_vendor/urllib3/packages/six.py,projects/0/770928505-9b13aa338b619080c86e23e0492a5a82deecfa1c/epfl-cs358-2024sp-exoskeleton-9b13aa3/pvenv/Lib/site-packages/pip/_vendor/six.py
projects/0/168190339-0d0c10121cc62a0a30eb77a10a5a95aa99a43cfb/UO-CIS211-Duck_Sudoku-0d0c101/graphics/graphics.py,projects/0/168190339-0d0c10121cc62a0a30eb77a10a5a95aa99a43cfb/UO-CIS211-Duck_Sudoku-0d0c101/graphics/graphics.py
projects/0/322764981-73991d3b6174a29261cd6b86bc5f1c16a8b13021/star-eyes-student_edit-73991d3/成绩管理系统1/schema/pgsql/pgAdmin 4/venv/Lib/site-packages/dns/edns.py,projects/0/322764981-73991d3b6174a29261cd6b86bc5f1c16a8b13021/star-eyes-student_edit-73991d3/成绩管理系统1/schema/pgsql/pgAdmin 4/venv/Lib/site-packages/dns/edns.py
projects/0/322764981-73991d3b6174a29261cd6b86bc5f1c16a8b13021/star-eyes-student_edit-73991d3/成绩管理系统1/schema/pgsql/pgAdmin 4/venv/Lib/urllib/request.py,projects/0/322764981-73991d3b6174a29261cd6b86bc5f1c16a8b13021/star-eyes-student_edit-73991d3/成绩管理系统1/schema/pgsql/pgAdmin 4/venv/Lib/urllib/request.py
projects/0/763189234-3366aaa0ff94a444d6cfa84651dfa244d6ec25e1/TahlilMahfuz-CSE-4618_Artificial-Intelligence-Lab-3366aaa/Lab06/mdp/qlearningAgents.py,projects/0/763189234-3366aaa0ff94a444d6cfa84651dfa244d6ec25e1/TahlilMahfuz-CSE-4618_Artificial-Intelligence-Lab-3366aaa/Lab06/mdp/qlearningAgents.py
projects/0/322764981-73991d3b6174a29261cd6b86bc5f1c16a8b13021/star-eyes-student_edit-73991d3/成绩管理系统1/schema/pgsql/pgAdmin 4/venv/Lib/site-packages/flask/logging.py,projects/0/322764981-73991d3b6174a29261cd6b86bc5f1c16a8b13021/star-eyes-student_edit-73991d3/成绩管理系统1/schema/pgsql/pgAdmin 4/venv/Lib/site-packages/flask/logging.py
projects/0/322764981-73991d3b6174a29261cd6b86bc5f1c16a8b13021/star-eyes-student_edit-73991d3/成绩管理系统1/schema/pgsql/pgAdmin 4/venv/Lib/token.py,projects/0/322764981-73991d3b6174a29261cd6b86bc5f1c16a8b13021/star-eyes-student_edit-73991d3/成绩管理系统1/schema/pgsql/pgAdmin 4/venv/Lib/token.py
projects/0/322764981-73991d3b6174a29261cd6b86bc5f1c16a8b13021/star-eyes-student_edit-73991d3/成绩管理系统1/schema/pgsql/pgAdmin 4/venv/Lib/multiprocessing/context.py,projects/0/322764981-73991d3b6174a29261cd6b86bc5f1c16a8b13021/star-eyes-student_edit-73991d3/成绩管理系统1/schema/pgsql/pgAdmin 4/venv/Lib/multiprocessing/context.py
projects/0/455259988-0a8dd8033445129876aa932c0de04b98185afb5e/andrebsilva-python-learn-0a8dd80/Part_03/002-Lambda/01_no_parameter.py,projects/0/455259988-0a8dd8033445129876aa932c0de04b98185afb5e/andrebsilva-python-learn-0a8dd80/Part_03/002-Lambda/01_no_parameter.py
projects/0/322764981-73991d3b6174a29261cd6b86bc5f1c16a8b13021/star-eyes-student_edit-73991d3/成绩管理系统1/schema/pgsql/pgAdmin 4/venv/Lib/sre_constants.py,projects/0/322764981-73991d3b6174a29261cd6b86bc5f1c16a8b13021/star-eyes-student_edit-73991d3/成绩管理系统1/schema/pgsql/pgAdmin 4/venv/Lib/sre_constants.py
projects/0/322764981-73991d3b6174a29261cd6b86bc5f1c16a8b13021/star-eyes-student_edit-73991d3/成绩管理系统1/schema/pgsql/pgAdmin 4/venv/Lib/site-packages/jinja2/environment.py,projects/0/322764981-73991d3b6174a29261cd6b86bc5f1c16a8b13021/star-eyes-student_edit-73991d3/成绩管理系统1/schema/pgsql/pgAdmin 4/venv/Lib/site-packages/jinja2/environment.py
projects/0/322764981-73991d3b6174a29261cd6b86bc5f1c16a8b13021/star-eyes-student_edit-73991d3/成绩管理系统1/schema/pgsql/pgAdmin 4/venv/Lib/site-packages/click/core.py,projects/0/322764981-73991d3b6174a29261cd6b86bc5f1c16a8b13021/star-eyes-student_edit-73991d3/成绩管理系统1/schema/pgsql/pgAdmin 4/venv/Lib/site-packages/click/core.py
projects/0/105887056-8518f4b10022ea2e9c15710bb693c68d298c67b7/mike84265-AIML-8518f4b/HW5/util.py,projects/0/105887056-8518f4b10022ea2e9c15710bb693c68d298c67b7/mike84265-AIML-8518f4b/HW2/util.py
projects/0/322764981-73991d3b6174a29261cd6b86bc5f1c16a8b13021/star-eyes-student_edit-73991d3/成绩管理系统1/schema/pgsql/pgAdmin 4/venv/Lib/site-packages/sqlalchemy/util/langhelpers.py,projects/0/322764981-73991d3b6174a29261cd6b86bc5f1c16a8b13021/star-eyes-student_edit-73991d3/成绩管理系统1/schema/pgsql/pgAdmin 4/venv/Lib/site-packages/sqlalchemy/util/langhelpers.py
projects/0/322764981-73991d3b6174a29261cd6b86bc5f1c16a8b13021/star-eyes-student_edit-73991d3/成绩管理系统1/schema/pgsql/pgAdmin 4/venv/Lib/platform.py,projects/0/322764981-73991d3b6174a29261cd6b86bc5f1c16a8b13021/star-eyes-student_edit-73991d3/成绩管理系统1/schema/pgsql/pgAdmin 4/venv/Lib/platform.py
projects/0/770928505-9b13aa338b619080c86e23e0492a5a82deecfa1c/epfl-cs358-2024sp-exoskeleton-9b13aa3/pvenv/Lib/site-packages/pip/_internal/commands/debug.py,projects/0/770928505-9b13aa338b619080c86e23e0492a5a82deecfa1c/epfl-cs358-2024sp-exoskeleton-9b13aa3/pvenv/Lib/site-packages/pip/_internal/commands/debug.py
projects/0/322764981-73991d3b6174a29261cd6b86bc5f1c16a8b13021/star-eyes-student_edit-73991d3/成绩管理系统1/schema/pgsql/pgAdmin 4/venv/Lib/site-packages/psycopg2/errorcodes.py,projects/0/322764981-73991d3b6174a29261cd6b86bc5f1c16a8b13021/star-eyes-student_edit-73991d3/成绩管理系统1/schema/pgsql/pgAdmin 4/venv/Lib/site-packages/psycopg2/errorcodes.py
projects/0/322764981-73991d3b6174a29261cd6b86bc5f1c16a8b13021/star-eyes-student_edit-73991d3/成绩管理系统1/schema/pgsql/pgAdmin 4/venv/Lib/xml/sax/__init__.py,projects/0/322764981-73991d3b6174a29261cd6b86bc5f1c16a8b13021/star-eyes-student_edit-73991d3/成绩管理系统1/schema/pgsql/pgAdmin 4/venv/Lib/xml/sax/__init__.py
projects/0/322764981-73991d3b6174a29261cd6b86bc5f1c16a8b13021/star-eyes-student_edit-73991d3/成绩管理系统1/schema/pgsql/pgAdmin 4/venv/Lib/doctest.py,projects/0/322764981-73991d3b6174a29261cd6b86bc5f1c16a8b13021/star-eyes-student_edit-73991d3/成绩管理系统1/schema/pgsql/pgAdmin 4/venv/Lib/doctest.py
projects/0/322764981-73991d3b6174a29261cd6b86bc5f1c16a8b13021/star-eyes-student_edit-73991d3/成绩管理系统1/schema/pgsql/pgAdmin 4/venv/Lib/site-packages/docutils/writers/odf_odt/__init__.py,projects/0/322764981-73991d3b6174a29261cd6b86bc5f1c16a8b13021/star-eyes-student_edit-73991d3/成绩管理系统1/schema/pgsql/pgAdmin 4/venv/Lib/site-packages/docutils/writers/odf_odt/__init__.py
projects/0/322764981-73991d3b6174a29261cd6b86bc5f1c16a8b13021/star-eyes-student_edit-73991d3/成绩管理系统1/schema/pgsql/pgAdmin 4/venv/Lib/site-packages/jinja2/ext.py,projects/0/322764981-73991d3b6174a29261cd6b86bc5f1c16a8b13021/star-eyes-student_edit-73991d3/成绩管理系统1/schema/pgsql/pgAdmin 4/venv/Lib/site-packages/jinja2/ext.py
projects/0/763189234-3366aaa0ff94a444d6cfa84651dfa244d6ec25e1/TahlilMahfuz-CSE-4618_Artificial-Intelligence-Lab-3366aaa/Lab03/isearch/searchAgents.py,projects/0/763189234-3366aaa0ff94a444d6cfa84651dfa244d6ec25e1/TahlilMahfuz-CSE-4618_Artificial-Intelligence-Lab-3366aaa/Lab03/isearch/searchAgents.py
projects/0/322764981-73991d3b6174a29261cd6b86bc5f1c16a8b13021/star-eyes-student_edit-73991d3/成绩管理系统1/schema/pgsql/pgAdmin 4/venv/Lib/site-packages/dns/rdatatype.py,projects/0/322764981-73991d3b6174a29261cd6b86bc5f1c16a8b13021/star-eyes-student_edit-73991d3/成绩管理系统1/schema/pgsql/pgAdmin 4/venv/Lib/site-packages/dns/rdatatype.py
projects/0/322764981-73991d3b6174a29261cd6b86bc5f1c16a8b13021/star-eyes-student_edit-73991d3/成绩管理系统1/schema/pgsql/pgAdmin 4/venv/Lib/site-packages/docutils/parsers/rst/directives/__init__.py,projects/0/322764981-73991d3b6174a29261cd6b86bc5f1c16a8b13021/star-eyes-student_edit-73991d3/成绩管理系统1/schema/pgsql/pgAdmin 4/venv/Lib/site-packages/docutils/parsers/rst/directives/__init__.py
projects/0/322764981-73991d3b6174a29261cd6b86bc5f1c16a8b13021/star-eyes-student_edit-73991d3/成绩管理系统1/schema/pgsql/pgAdmin 4/venv/Lib/site-packages/pip/_vendor/six.py,projects/0/322764981-73991d3b6174a29261cd6b86bc5f1c16a8b13021/star-eyes-student_edit-73991d3/成绩管理系统1/schema/pgsql/pgAdmin 4/venv/Lib/site-packages/pip/_vendor/six.py
projects/0/770928505-9b13aa338b619080c86e23e0492a5a82deecfa1c/epfl-cs358-2024sp-exoskeleton-9b13aa3/pvenv/Lib/site-packages/pip/_vendor/pkg_resources/__init__.py,projects/0/770928505-9b13aa338b619080c86e23e0492a5a82deecfa1c/epfl-cs358-2024sp-exoskeleton-9b13aa3/pvenv/Lib/site-packages/pip/_vendor/pkg_resources/__init__.py
projects/0/322764981-73991d3b6174a29261cd6b86bc5f1c16a8b13021/star-eyes-student_edit-73991d3/成绩管理系统1/schema/pgsql/pgAdmin 4/venv/Lib/runpy.py,projects/0/322764981-73991d3b6174a29261cd6b86bc5f1c16a8b13021/star-eyes-student_edit-73991d3/成绩管理系统1/schema/pgsql/pgAdmin 4/venv/Lib/runpy.py
projects/0/322764981-73991d3b6174a29261cd6b86bc5f1c16a8b13021/star-eyes-student_edit-73991d3/成绩管理系统1/schema/pgsql/pgAdmin 4/venv/Lib/site-packages/flask_wtf/csrf.py,projects/0/322764981-73991d3b6174a29261cd6b86bc5f1c16a8b13021/star-eyes-student_edit-73991d3/成绩管理系统1/schema/pgsql/pgAdmin 4/venv/Lib/site-packages/flask_wtf/csrf.py
projects/0/322764981-73991d3b6174a29261cd6b86bc5f1c16a8b13021/star-eyes-student_edit-73991d3/成绩管理系统1/schema/pgsql/pgAdmin 4/venv/Lib/site-packages/alembic/context.py,projects/0/322764981-73991d3b6174a29261cd6b86bc5f1c16a8b13021/star-eyes-student_edit-73991d3/成绩管理系统1/schema/pgsql/pgAdmin 4/venv/Lib/site-packages/alembic/context.py
projects/0/322764981-73991d3b6174a29261cd6b86bc5f1c16a8b13021/star-eyes-student_edit-73991d3/成绩管理系统1/schema/pgsql/pgAdmin 4/venv/Lib/multiprocessing/pool.py,projects/0/322764981-73991d3b6174a29261cd6b86bc5f1c16a8b13021/star-eyes-student_edit-73991d3/成绩管理系统1/schema/pgsql/pgAdmin 4/venv/Lib/multiprocessing/pool.py
projects/0/68907634-eea28f64ad459e7a2be5606ed47617bdf78815fa/collective-plonefr-eea28f6/src/plonefr.theme/src/plonefr/theme/testing.py,projects/0/68907634-eea28f64ad459e7a2be5606ed47617bdf78815fa/collective-plonefr-eea28f6/src/plonefr.theme/src/plonefr/theme/testing.py
projects/0/322764981-73991d3b6174a29261cd6b86bc5f1c16a8b13021/star-eyes-student_edit-73991d3/成绩管理系统1/schema/pgsql/pgAdmin 4/venv/Lib/site-packages/pip/_internal/cli/parser.py,projects/0/322764981-73991d3b6174a29261cd6b86bc5f1c16a8b13021/star-eyes-student_edit-73991d3/成绩管理系统1/schema/pgsql/pgAdmin 4/venv/Lib/site-packages/pip/_internal/cli/parser.py
projects/0/322764981-73991d3b6174a29261cd6b86bc5f1c16a8b13021/star-eyes-student_edit-73991d3/成绩管理系统1/schema/pgsql/pgAdmin 4/venv/Lib/crypt.py,projects/0/322764981-73991d3b6174a29261cd6b86bc5f1c16a8b13021/star-eyes-student_edit-73991d3/成绩管理系统1/schema/pgsql/pgAdmin 4/venv/Lib/crypt.py
projects/0/127101709-aa0ca66c23ba379efaa869d68db5670cc388f2e5/ZZYuting-car-detection-using-retinanet-aa0ca66/Detectron/detectron/tests/data_loader_benchmark.py,projects/0/127101709-aa0ca66c23ba379efaa869d68db5670cc388f2e5/ZZYuting-car-detection-using-retinanet-aa0ca66/Detectron/detectron/tests/data_loader_benchmark.py
projects/0/322764981-73991d3b6174a29261cd6b86bc5f1c16a8b13021/star-eyes-student_edit-73991d3/成绩管理系统1/schema/pgsql/pgAdmin 4/web/pgAdmin4.py,projects/0/322764981-73991d3b6174a29261cd6b86bc5f1c16a8b13021/star-eyes-student_edit-73991d3/成绩管理系统1/schema/pgsql/pgAdmin 4/web/pgAdmin4.py
projects/0/322764981-73991d3b6174a29261cd6b86bc5f1c16a8b13021/star-eyes-student_edit-73991d3/成绩管理系统1/schema/pgsql/pgAdmin 4/venv/Lib/site-packages/flask/views.py,projects/0/322764981-73991d3b6174a29261cd6b86bc5f1c16a8b13021/star-eyes-student_edit-73991d3/成绩管理系统1/schema/pgsql/pgAdmin 4/venv/Lib/site-packages/flask/views.py
projects/0/322764981-73991d3b6174a29261cd6b86bc5f1c16a8b13021/star-eyes-student_edit-73991d3/成绩管理系统1/schema/pgsql/pgAdmin 4/venv/Lib/site-packages/cffi/cffi_opcode.py,projects/0/322764981-73991d3b6174a29261cd6b86bc5f1c16a8b13021/star-eyes-student_edit-73991d3/成绩管理系统1/schema/pgsql/pgAdmin 4/venv/Lib/site-packages/cffi/cffi_opcode.py
projects/0/322764981-73991d3b6174a29261cd6b86bc5f1c16a8b13021/star-eyes-student_edit-73991d3/成绩管理系统1/schema/pgsql/pgAdmin 4/venv/Lib/turtle.py,projects/0/322764981-73991d3b6174a29261cd6b86bc5f1c16a8b13021/star-eyes-student_edit-73991d3/成绩管理系统1/schema/pgsql/pgAdmin 4/venv/Lib/turtle.py
projects/0/105887056-8518f4b10022ea2e9c15710bb693c68d298c67b7/mike84265-AIML-8518f4b/HW4/pacmanAgents.py,projects/0/763189234-3366aaa0ff94a444d6cfa84651dfa244d6ec25e1/TahlilMahfuz-CSE-4618_Artificial-Intelligence-Lab-3366aaa/Lab02/usearch/pacmanAgents.py
projects/0/322764981-73991d3b6174a29261cd6b86bc5f1c16a8b13021/star-eyes-student_edit-73991d3/成绩管理系统1/schema/pgsql/pgAdmin 4/venv/Lib/multiprocessing/util.py,projects/0/322764981-73991d3b6174a29261cd6b86bc5f1c16a8b13021/star-eyes-student_edit-73991d3/成绩管理系统1/schema/pgsql/pgAdmin 4/venv/Lib/multiprocessing/util.py
projects/0/322764981-73991d3b6174a29261cd6b86bc5f1c16a8b13021/star-eyes-student_edit-73991d3/成绩管理系统1/schema/pgsql/pgAdmin 4/venv/Lib/site-packages/sqlalchemy/sql/annotation.py,projects/0/322764981-73991d3b6174a29261cd6b86bc5f1c16a8b13021/star-eyes-student_edit-73991d3/成绩管理系统1/schema/pgsql/pgAdmin 4/venv/Lib/site-packages/sqlalchemy/sql/annotation.py
projects/0/322764981-73991d3b6174a29261cd6b86bc5f1c16a8b13021/star-eyes-student_edit-73991d3/成绩管理系统1/schema/pgsql/pgAdmin 4/venv/Lib/dbm/dumb.py,projects/0/322764981-73991d3b6174a29261cd6b86bc5f1c16a8b13021/star-eyes-student_edit-73991d3/成绩管理系统1/schema/pgsql/pgAdmin 4/venv/Lib/dbm/dumb.py
projects/0/322764981-73991d3b6174a29261cd6b86bc5f1c16a8b13021/star-eyes-student_edit-73991d3/成绩管理系统1/schema/pgsql/pgAdmin 4/venv/Lib/bdb.py,projects/0/322764981-73991d3b6174a29261cd6b86bc5f1c16a8b13021/star-eyes-student_edit-73991d3/成绩管理系统1/schema/pgsql/pgAdmin 4/venv/Lib/bdb.py
projects/0/322764981-73991d3b6174a29261cd6b86bc5f1c16a8b13021/star-eyes-student_edit-73991d3/成绩管理系统1/schema/pgsql/pgAdmin 4/venv/Lib/sysconfig.py,projects/0/322764981-73991d3b6174a29261cd6b86bc5f1c16a8b13021/star-eyes-student_edit-73991d3/成绩管理系统1/schema/pgsql/pgAdmin 4/venv/Lib/sysconfig.py
projects/0/428375470-dd22e9d39ef5e2c6c8e8fb50ec61909f52c3f30e/StringSuzana-chat_server-dd22e9d/venv/Lib/site-packages/setuptools/depends.py,projects/0/428375470-dd22e9d39ef5e2c6c8e8fb50ec61909f52c3f30e/StringSuzana-chat_server-dd22e9d/venv/Lib/site-packages/setuptools/depends.py
projects/0/322764981-73991d3b6174a29261cd6b86bc5f1c16a8b13021/star-eyes-student_edit-73991d3/成绩管理系统1/schema/pgsql/pgAdmin 4/web/pgadmin/tools/backup/__init__.py,projects/0/322764981-73991d3b6174a29261cd6b86bc5f1c16a8b13021/star-eyes-student_edit-73991d3/成绩管理系统1/schema/pgsql/pgAdmin 4/web/pgadmin/tools/backup/__init__.py
projects/0/322764981-73991d3b6174a29261cd6b86bc5f1c16a8b13021/star-eyes-student_edit-73991d3/成绩管理系统1/schema/pgsql/pgAdmin 4/venv/Lib/site-packages/pkg_resources/_vendor/six.py,projects/0/322764981-73991d3b6174a29261cd6b86bc5f1c16a8b13021/star-eyes-student_edit-73991d3/成绩管理系统1/schema/pgsql/pgAdmin 4/venv/Lib/site-packages/pkg_resources/_vendor/six.py
projects/0/770928505-9b13aa338b619080c86e23e0492a5a82deecfa1c/epfl-cs358-2024sp-exoskeleton-9b13aa3/pvenv/Lib/site-packages/pkg_resources/__init__.py,projects/0/770928505-9b13aa338b619080c86e23e0492a5a82deecfa1c/epfl-cs358-2024sp-exoskeleton-9b13aa3/pvenv/Lib/site-packages/pkg_resources/__init__.py
projects/0/322764981-73991d3b6174a29261cd6b86bc5f1c16a8b13021/star-eyes-student_edit-73991d3/成绩管理系统1/schema/pgsql/pgAdmin 4/venv/Lib/lib2to3/pgen2/token.py,projects/0/322764981-73991d3b6174a29261cd6b86bc5f1c16a8b13021/star-eyes-student_edit-73991d3/成绩管理系统1/schema/pgsql/pgAdmin 4/venv/Lib/lib2to3/pgen2/token.py
projects/0/322764981-73991d3b6174a29261cd6b86bc5f1c16a8b13021/star-eyes-student_edit-73991d3/成绩管理系统1/schema/pgsql/pgAdmin 4/venv/Lib/imaplib.py,projects/0/322764981-73991d3b6174a29261cd6b86bc5f1c16a8b13021/star-eyes-student_edit-73991d3/成绩管理系统1/schema/pgsql/pgAdmin 4/venv/Lib/imaplib.py
projects/0/105887056-8518f4b10022ea2e9c15710bb693c68d298c67b7/mike84265-AIML-8518f4b/HW3/trackingTestClasses.py,projects/0/105887056-8518f4b10022ea2e9c15710bb693c68d298c67b7/mike84265-AIML-8518f4b/HW3/trackingTestClasses.py
projects/0/322764981-73991d3b6174a29261cd6b86bc5f1c16a8b13021/star-eyes-student_edit-73991d3/成绩管理系统1/schema/pgsql/pgAdmin 4/venv/Lib/pdb.py,projects/0/322764981-73991d3b6174a29261cd6b86bc5f1c16a8b13021/star-eyes-student_edit-73991d3/成绩管理系统1/schema/pgsql/pgAdmin 4/venv/Lib/pdb.py
projects/0/428375470-dd22e9d39ef5e2c6c8e8fb50ec61909f52c3f30e/StringSuzana-chat_server-dd22e9d/venv/Lib/site-packages/pip/_vendor/distlib/_backport/sysconfig.py,projects/0/428375470-dd22e9d39ef5e2c6c8e8fb50ec61909f52c3f30e/StringSuzana-chat_server-dd22e9d/venv/Lib/site-packages/pip/_vendor/distlib/_backport/sysconfig.py
projects/0/322764981-73991d3b6174a29261cd6b86bc5f1c16a8b13021/star-eyes-student_edit-73991d3/成绩管理系统1/schema/pgsql/pgAdmin 4/venv/Lib/site-packages/pip/_vendor/pep517/_in_process.py,projects/0/322764981-73991d3b6174a29261cd6b86bc5f1c16a8b13021/star-eyes-student_edit-73991d3/成绩管理系统1/schema/pgsql/pgAdmin 4/venv/Lib/site-packages/pip/_vendor/pep517/_in_process.py
projects/0/322764981-73991d3b6174a29261cd6b86bc5f1c16a8b13021/star-eyes-student_edit-73991d3/成绩管理系统1/schema/pgsql/pgAdmin 4/venv/Lib/site-packages/setuptools/_vendor/six.py,projects/0/322764981-73991d3b6174a29261cd6b86bc5f1c16a8b13021/star-eyes-student_edit-73991d3/成绩管理系统1/schema/pgsql/pgAdmin 4/venv/Lib/site-packages/pkg_resources/_vendor/six.py
projects/0/105887056-8518f4b10022ea2e9c15710bb693c68d298c67b7/mike84265-AIML-8518f4b/HW2/pacmanAgents.py,projects/0/763189234-3366aaa0ff94a444d6cfa84651dfa244d6ec25e1/TahlilMahfuz-CSE-4618_Artificial-Intelligence-Lab-3366aaa/Lab02/usearch/pacmanAgents.py
projects/0/770928505-9b13aa338b619080c86e23e0492a5a82deecfa1c/epfl-cs358-2024sp-exoskeleton-9b13aa3/pvenv/Lib/site-packages/pip/_vendor/pyproject_hooks/_in_process/_in_process.py,projects/0/770928505-9b13aa338b619080c86e23e0492a5a82deecfa1c/epfl-cs358-2024sp-exoskeleton-9b13aa3/pvenv/Lib/site-packages/pip/_vendor/pyproject_hooks/_in_process/_in_process.py
projects/0/763189234-3366aaa0ff94a444d6cfa84651dfa244d6ec25e1/TahlilMahfuz-CSE-4618_Artificial-Intelligence-Lab-3366aaa/Lab05/multiagent/pacmanAgents.py,projects/0/763189234-3366aaa0ff94a444d6cfa84651dfa244d6ec25e1/TahlilMahfuz-CSE-4618_Artificial-Intelligence-Lab-3366aaa/Lab02/usearch/pacmanAgents.py
projects/0/322764981-73991d3b6174a29261cd6b86bc5f1c16a8b13021/star-eyes-student_edit-73991d3/成绩管理系统1/schema/pgsql/pgAdmin 4/venv/Lib/site-packages/jinja2/debug.py,projects/0/322764981-73991d3b6174a29261cd6b86bc5f1c16a8b13021/star-eyes-student_edit-73991d3/成绩管理系统1/schema/pgsql/pgAdmin 4/venv/Lib/site-packages/jinja2/debug.py
projects/0/105887056-8518f4b10022ea2e9c15710bb693c68d298c67b7/mike84265-AIML-8518f4b/HW2/multiAgents.py,projects/0/105887056-8518f4b10022ea2e9c15710bb693c68d298c67b7/mike84265-AIML-8518f4b/HW2/multiAgents.py
projects/0/322764981-73991d3b6174a29261cd6b86bc5f1c16a8b13021/star-eyes-student_edit-73991d3/成绩管理系统1/schema/pgsql/pgAdmin 4/venv/Lib/os.py,projects/0/322764981-73991d3b6174a29261cd6b86bc5f1c16a8b13021/star-eyes-student_edit-73991d3/成绩管理系统1/schema/pgsql/pgAdmin 4/venv/Lib/os.py
projects/0/322764981-73991d3b6174a29261cd6b86bc5f1c16a8b13021/star-eyes-student_edit-73991d3/成绩管理系统1/schema/pgsql/pgAdmin 4/venv/Lib/site-packages/flask/app.py,projects/0/322764981-73991d3b6174a29261cd6b86bc5f1c16a8b13021/star-eyes-student_edit-73991d3/成绩管理系统1/schema/pgsql/pgAdmin 4/venv/Lib/site-packages/flask/app.py
projects/0/322764981-73991d3b6174a29261cd6b86bc5f1c16a8b13021/star-eyes-student_edit-73991d3/成绩管理系统1/schema/pgsql/pgAdmin 4/venv/Lib/dataclasses.py,projects/0/322764981-73991d3b6174a29261cd6b86bc5f1c16a8b13021/star-eyes-student_edit-73991d3/成绩管理系统1/schema/pgsql/pgAdmin 4/venv/Lib/dataclasses.py
projects/0/322764981-73991d3b6174a29261cd6b86bc5f1c16a8b13021/star-eyes-student_edit-73991d3/成绩管理系统1/schema/pgsql/pgAdmin 4/venv/Lib/importlib/_bootstrap.py,projects/0/322764981-73991d3b6174a29261cd6b86bc5f1c16a8b13021/star-eyes-student_edit-73991d3/成绩管理系统1/schema/pgsql/pgAdmin 4/venv/Lib/importlib/_bootstrap.py
projects/0/770928505-9b13aa338b619080c86e23e0492a5a82deecfa1c/epfl-cs358-2024sp-exoskeleton-9b13aa3/pvenv/Lib/site-packages/pip/_vendor/pygments/lexers/python.py,projects/0/770928505-9b13aa338b619080c86e23e0492a5a82deecfa1c/epfl-cs358-2024sp-exoskeleton-9b13aa3/pvenv/Lib/site-packages/pip/_vendor/pygments/lexers/python.py
projects/0/15453819-592165e65a633dcb7e1446f3f8d5526ad88aaa4e/tomoki-config-592165e/.emacs.d/elpa/python-mode-6.0.10/completion/pycomplete.py,projects/0/15453819-592165e65a633dcb7e1446f3f8d5526ad88aaa4e/tomoki-config-592165e/.emacs.d/elpa/python-mode-6.0.10/completion/pycomplete.py
projects/0/322764981-73991d3b6174a29261cd6b86bc5f1c16a8b13021/star-eyes-student_edit-73991d3/成绩管理系统1/schema/pgsql/pgAdmin 4/venv/Lib/hashlib.py,projects/0/322764981-73991d3b6174a29261cd6b86bc5f1c16a8b13021/star-eyes-student_edit-73991d3/成绩管理系统1/schema/pgsql/pgAdmin 4/venv/Lib/hashlib.py
projects/0/322764981-73991d3b6174a29261cd6b86bc5f1c16a8b13021/star-eyes-student_edit-73991d3/成绩管理系统1/schema/pgsql/pgAdmin 4/venv/Lib/site-packages/docutils/parsers/__init__.py,projects/0/322764981-73991d3b6174a29261cd6b86bc5f1c16a8b13021/star-eyes-student_edit-73991d3/成绩管理系统1/schema/pgsql/pgAdmin 4/venv/Lib/site-packages/docutils/parsers/__init__.py
projects/0/322764981-73991d3b6174a29261cd6b86bc5f1c16a8b13021/star-eyes-student_edit-73991d3/成绩管理系统1/schema/pgsql/pgAdmin 4/venv/Lib/selectors.py,projects/0/322764981-73991d3b6174a29261cd6b86bc5f1c16a8b13021/star-eyes-student_edit-73991d3/成绩管理系统1/schema/pgsql/pgAdmin 4/venv/Lib/selectors.py
projects/0/763189234-3366aaa0ff94a444d6cfa84651dfa244d6ec25e1/TahlilMahfuz-CSE-4618_Artificial-Intelligence-Lab-3366aaa/Lab02/usearch/searchAgents.py,projects/0/763189234-3366aaa0ff94a444d6cfa84651dfa244d6ec25e1/TahlilMahfuz-CSE-4618_Artificial-Intelligence-Lab-3366aaa/Lab02/usearch/searchAgents.py
projects/0/105887056-8518f4b10022ea2e9c15710bb693c68d298c67b7/mike84265-AIML-8518f4b/HW1/pacmanAgents.py,projects/0/763189234-3366aaa0ff94a444d6cfa84651dfa244d6ec25e1/TahlilMahfuz-CSE-4618_Artificial-Intelligence-Lab-3366aaa/Lab02/usearch/pacmanAgents.py
projects/0/322764981-73991d3b6174a29261cd6b86bc5f1c16a8b13021/star-eyes-student_edit-73991d3/成绩管理系统1/schema/pgsql/pgAdmin 4/venv/Lib/distutils/msvc9compiler.py,projects/0/322764981-73991d3b6174a29261cd6b86bc5f1c16a8b13021/star-eyes-student_edit-73991d3/成绩管理系统1/schema/pgsql/pgAdmin 4/venv/Lib/distutils/msvc9compiler.py
projects/0/322764981-73991d3b6174a29261cd6b86bc5f1c16a8b13021/star-eyes-student_edit-73991d3/成绩管理系统1/schema/pgsql/pgAdmin 4/venv/Lib/typing.py,projects/0/322764981-73991d3b6174a29261cd6b86bc5f1c16a8b13021/star-eyes-student_edit-73991d3/成绩管理系统1/schema/pgsql/pgAdmin 4/venv/Lib/typing.py
projects/0/322764981-73991d3b6174a29261cd6b86bc5f1c16a8b13021/star-eyes-student_edit-73991d3/成绩管理系统1/schema/pgsql/pgAdmin 4/venv/Lib/site-packages/werkzeug/debug/console.py,projects/0/322764981-73991d3b6174a29261cd6b86bc5f1c16a8b13021/star-eyes-student_edit-73991d3/成绩管理系统1/schema/pgsql/pgAdmin 4/venv/Lib/site-packages/werkzeug/debug/console.py
projects/0/105887056-8518f4b10022ea2e9c15710bb693c68d298c67b7/mike84265-AIML-8518f4b/HW2/util.py,projects/0/105887056-8518f4b10022ea2e9c15710bb693c68d298c67b7/mike84265-AIML-8518f4b/HW2/util.py
projects/0/322764981-73991d3b6174a29261cd6b86bc5f1c16a8b13021/star-eyes-student_edit-73991d3/成绩管理系统1/schema/pgsql/pgAdmin 4/venv/Lib/site-packages/dns/opcode.py,projects/0/322764981-73991d3b6174a29261cd6b86bc5f1c16a8b13021/star-eyes-student_edit-73991d3/成绩管理系统1/schema/pgsql/pgAdmin 4/venv/Lib/site-packages/dns/opcode.py
projects/0/770928505-9b13aa338b619080c86e23e0492a5a82deecfa1c/epfl-cs358-2024sp-exoskeleton-9b13aa3/pvenv/Lib/site-packages/setuptools/command/build_ext.py,projects/0/770928505-9b13aa338b619080c86e23e0492a5a82deecfa1c/epfl-cs358-2024sp-exoskeleton-9b13aa3/pvenv/Lib/site-packages/setuptools/command/build_ext.py
projects/0/68907634-eea28f64ad459e7a2be5606ed47617bdf78815fa/collective-plonefr-eea28f6/src/plonefr.theme/src/plonefr/theme/tests/test_doctests.py,projects/0/68907634-eea28f64ad459e7a2be5606ed47617bdf78815fa/collective-plonefr-eea28f6/src/plonefr.theme/src/plonefr/theme/tests/test_doctests.py
projects/0/428375470-dd22e9d39ef5e2c6c8e8fb50ec61909f52c3f30e/StringSuzana-chat_server-dd22e9d/venv/Lib/site-packages/setuptools/command/easy_install.py,projects/0/428375470-dd22e9d39ef5e2c6c8e8fb50ec61909f52c3f30e/StringSuzana-chat_server-dd22e9d/venv/Lib/site-packages/setuptools/command/easy_install.py
projects/0/763189234-3366aaa0ff94a444d6cfa84651dfa244d6ec25e1/TahlilMahfuz-CSE-4618_Artificial-Intelligence-Lab-3366aaa/Practice/multiagent/multiAgents.py,projects/0/763189234-3366aaa0ff94a444d6cfa84651dfa244d6ec25e1/TahlilMahfuz-CSE-4618_Artificial-Intelligence-Lab-3366aaa/Practice/multiagent/multiAgents.py
projects/0/322764981-73991d3b6174a29261cd6b86bc5f1c16a8b13021/star-eyes-student_edit-73991d3/成绩管理系统1/schema/pgsql/pgAdmin 4/venv/Lib/ctypes/__init__.py,projects/0/322764981-73991d3b6174a29261cd6b86bc5f1c16a8b13021/star-eyes-student_edit-73991d3/成绩管理系统1/schema/pgsql/pgAdmin 4/venv/Lib/ctypes/__init__.py
projects/0/105887056-8518f4b10022ea2e9c15710bb693c68d298c67b7/mike84265-AIML-8518f4b/HW3/bustersAgents.py,projects/0/105887056-8518f4b10022ea2e9c15710bb693c68d298c67b7/mike84265-AIML-8518f4b/HW3/bustersAgents.py
projects/0/763189234-3366aaa0ff94a444d6cfa84651dfa244d6ec25e1/TahlilMahfuz-CSE-4618_Artificial-Intelligence-Lab-3366aaa/Practice/multiagent/pacmanAgents.py,projects/0/763189234-3366aaa0ff94a444d6cfa84651dfa244d6ec25e1/TahlilMahfuz-CSE-4618_Artificial-Intelligence-Lab-3366aaa/Lab02/usearch/pacmanAgents.py
projects/0/770928505-9b13aa338b619080c86e23e0492a5a82deecfa1c/epfl-cs358-2024sp-exoskeleton-9b13aa3/pvenv/Lib/site-packages/setuptools/_vendor/typing_extensions.py,projects/0/770928505-9b13aa338b619080c86e23e0492a5a82deecfa1c/epfl-cs358-2024sp-exoskeleton-9b13aa3/pvenv/Lib/site-packages/setuptools/_vendor/typing_extensions.py
projects/0/322764981-73991d3b6174a29261cd6b86bc5f1c16a8b13021/star-eyes-student_edit-73991d3/成绩管理系统1/schema/pgsql/pgAdmin 4/venv/Lib/cProfile.py,projects/0/322764981-73991d3b6174a29261cd6b86bc5f1c16a8b13021/star-eyes-student_edit-73991d3/成绩管理系统1/schema/pgsql/pgAdmin 4/venv/Lib/cProfile.py
projects/0/322764981-73991d3b6174a29261cd6b86bc5f1c16a8b13021/star-eyes-student_edit-73991d3/成绩管理系统1/schema/pgsql/pgAdmin 4/venv/Lib/site-packages/dns/dnssec.py,projects/0/322764981-73991d3b6174a29261cd6b86bc5f1c16a8b13021/star-eyes-student_edit-73991d3/成绩管理系统1/schema/pgsql/pgAdmin 4/venv/Lib/site-packages/dns/dnssec.py
projects/0/322764981-73991d3b6174a29261cd6b86bc5f1c16a8b13021/star-eyes-student_edit-73991d3/成绩管理系统1/schema/pgsql/pgAdmin 4/venv/Lib/site-packages/setuptools/command/build_ext.py,projects/0/322764981-73991d3b6174a29261cd6b86bc5f1c16a8b13021/star-eyes-student_edit-73991d3/成绩管理系统1/schema/pgsql/pgAdmin 4/venv/Lib/site-packages/setuptools/command/build_ext.py
projects/0/770928505-9b13aa338b619080c86e23e0492a5a82deecfa1c/epfl-cs358-2024sp-exoskeleton-9b13aa3/pvenv/Lib/site-packages/pip/_vendor/pygments/unistring.py,projects/0/770928505-9b13aa338b619080c86e23e0492a5a82deecfa1c/epfl-cs358-2024sp-exoskeleton-9b13aa3/pvenv/Lib/site-packages/pip/_vendor/pygments/unistring.py
projects/0/322764981-73991d3b6174a29261cd6b86bc5f1c16a8b13021/star-eyes-student_edit-73991d3/成绩管理系统1/schema/pgsql/pgAdmin 4/venv/Lib/site-packages/dns/message.py,projects/0/322764981-73991d3b6174a29261cd6b86bc5f1c16a8b13021/star-eyes-student_edit-73991d3/成绩管理系统1/schema/pgsql/pgAdmin 4/venv/Lib/site-packages/dns/message.py
projects/0/322764981-73991d3b6174a29261cd6b86bc5f1c16a8b13021/star-eyes-student_edit-73991d3/成绩管理系统1/schema/pgsql/pgAdmin 4/venv/Lib/json/encoder.py,projects/0/322764981-73991d3b6174a29261cd6b86bc5f1c16a8b13021/star-eyes-student_edit-73991d3/成绩管理系统1/schema/pgsql/pgAdmin 4/venv/Lib/json/encoder.py
projects/0/322764981-73991d3b6174a29261cd6b86bc5f1c16a8b13021/star-eyes-student_edit-73991d3/成绩管理系统1/schema/pgsql/pgAdmin 4/venv/Lib/site-packages/click/__init__.py,projects/0/322764981-73991d3b6174a29261cd6b86bc5f1c16a8b13021/star-eyes-student_edit-73991d3/成绩管理系统1/schema/pgsql/pgAdmin 4/venv/Lib/site-packages/click/__init__.py
projects/0/322764981-73991d3b6174a29261cd6b86bc5f1c16a8b13021/star-eyes-student_edit-73991d3/成绩管理系统1/schema/pgsql/pgAdmin 4/venv/Lib/site-packages/sqlalchemy/engine/util.py,projects/0/322764981-73991d3b6174a29261cd6b86bc5f1c16a8b13021/star-eyes-student_edit-73991d3/成绩管理系统1/schema/pgsql/pgAdmin 4/venv/Lib/site-packages/sqlalchemy/engine/util.py
projects/0/322764981-73991d3b6174a29261cd6b86bc5f1c16a8b13021/star-eyes-student_edit-73991d3/成绩管理系统1/schema/pgsql/pgAdmin 4/venv/Lib/site-packages/pip/_vendor/distlib/_backport/sysconfig.py,projects/0/322764981-73991d3b6174a29261cd6b86bc5f1c16a8b13021/star-eyes-student_edit-73991d3/成绩管理系统1/schema/pgsql/pgAdmin 4/venv/Lib/site-packages/pip/_vendor/distlib/_backport/sysconfig.py
projects/0/322764981-73991d3b6174a29261cd6b86bc5f1c16a8b13021/star-eyes-student_edit-73991d3/成绩管理系统1/schema/pgsql/pgAdmin 4/venv/Lib/site-packages/alembic/op.py,projects/0/322764981-73991d3b6174a29261cd6b86bc5f1c16a8b13021/star-eyes-student_edit-73991d3/成绩管理系统1/schema/pgsql/pgAdmin 4/venv/Lib/site-packages/alembic/op.py
projects/0/322764981-73991d3b6174a29261cd6b86bc5f1c16a8b13021/star-eyes-student_edit-73991d3/成绩管理系统1/schema/pgsql/pgAdmin 4/venv/Lib/site-packages/psutil/_psbsd.py,projects/0/322764981-73991d3b6174a29261cd6b86bc5f1c16a8b13021/star-eyes-student_edit-73991d3/成绩管理系统1/schema/pgsql/pgAdmin 4/venv/Lib/site-packages/psutil/_psbsd.py
projects/0/322764981-73991d3b6174a29261cd6b86bc5f1c16a8b13021/star-eyes-student_edit-73991d3/成绩管理系统1/schema/pgsql/pgAdmin 4/venv/Lib/site-packages/werkzeug/exceptions.py,projects/0/322764981-73991d3b6174a29261cd6b86bc5f1c16a8b13021/star-eyes-student_edit-73991d3/成绩管理系统1/schema/pgsql/pgAdmin 4/venv/Lib/site-packages/werkzeug/exceptions.py
projects/0/770928505-9b13aa338b619080c86e23e0492a5a82deecfa1c/epfl-cs358-2024sp-exoskeleton-9b13aa3/pvenv/Lib/site-packages/setuptools/sandbox.py,projects/0/770928505-9b13aa338b619080c86e23e0492a5a82deecfa1c/epfl-cs358-2024sp-exoskeleton-9b13aa3/pvenv/Lib/site-packages/setuptools/sandbox.py
